Name,k_percent,bb_percent,xba,xslg,xobp,single%,double%,triple%,home_run%,PA/G,Hand
A.J. Minter,22.043010752688172,4.301075268817205,0.0,0.0,0.26344086021505375,0.12903225806451613,0.026881720430107527,0.010752688172043012,0.04838709677419355,3.875,R
AJ Blubaugh,24.53183520599251,10.486891385767791,0.226,0.397,0.2846441947565543,0.09737827715355805,0.035580524344569285,0.0056179775280898875,0.035580524344569285,6.212121212121212,R
AJ Smith-Shawver,20.34383954154728,11.174785100286533,0.0,0.0,0.34097421203438394,0.14040114613180515,0.04011461318051576,0.0028653295128939827,0.03724928366762178,15.7,R
Aaron Ashby,28.79656160458453,10.17191977077364,0.20961562021439512,0.29865390505359873,0.3123209169054441,0.15472779369627507,0.024355300859598854,0.004297994269340974,0.017191977077363897,5.090909090909091,L
Aaron Bummer,19.814241486068113,8.6687306501548,0.267,0.371,0.3560371517027864,0.14241486068111456,0.05263157894736842,0.006191950464396285,0.030959752321981424,4.190476190476191,L
Aaron Civale,19.19831223628692,7.172995780590718,0.24415625,0.41981250000000003,0.32383966244725737,0.14451476793248946,0.05590717299578059,0.0031645569620253164,0.035864978902953586,14.228571428571428,R
Aaron Nola,23.86266094420601,7.639484978540772,0.24405574912891986,0.4182961672473867,0.3218884120171674,0.14163090128755365,0.04377682403433476,0.006008583690987125,0.048068669527897,22.147058823529413,R
Abner Uribe,27.719298245614034,8.947368421052632,0.21047744360902257,0.2852781954887218,0.2771929824561403,0.1456140350877193,0.015789473684210527,0.0,0.012280701754385965,3.859375,R
Adam Macko,22.06896551724138,9.655172413793103,0.0,0.0,0.38620689655172413,0.2,0.027586206896551724,0.0,0.034482758620689655,4.833333333333333,R
Adam Mazur,13.66906474820144,8.633093525179856,0.0,0.0,0.33093525179856115,0.1510791366906475,0.05755395683453238,0.0,0.02877697841726619,23.166666666666668,R
Adrián Morejón,27.136431784107945,6.746626686656672,0.0,0.0,0.25487256371814093,0.1469265367316342,0.020989505247376312,0.0014992503748125937,0.010494752623688156,4.705128205128205,R
Adrian Houser,16.902834008097166,7.287449392712551,0.2606599190283401,0.4183967611336032,0.3188259109311741,0.15587044534412955,0.0465587044534413,0.006072874493927126,0.025303643724696356,18.076923076923077,R
Alan Rangel,23.577235772357724,10.569105691056912,0.0,0.0,0.37398373983739835,0.14634146341463414,0.06504065040650407,0.008130081300813009,0.032520325203252036,17.571428571428573,R
Albert Suárez,17.557251908396946,7.633587786259542,0.0,0.0,0.29389312977099236,0.1297709923664122,0.04580152671755725,0.011450381679389313,0.030534351145038167,9.357142857142858,R
Alec Gamboa,16.666666666666664,8.695652173913043,0.0,0.0,0.3115942028985507,0.13768115942028986,0.06521739130434782,0.007246376811594203,0.007246376811594203,6.0,R
Alek Jacob,15.032679738562091,9.15032679738562,0.0,0.0,0.3660130718954248,0.1503267973856209,0.0457516339869281,0.0,0.0392156862745098,5.275862068965517,R
Alex Hoppe,24.479166666666668,10.416666666666668,0.0,0.0,0.3333333333333333,0.140625,0.057291666666666664,0.0,0.015625,4.571428571428571,
Alex Lange,21.818181818181817,12.0,0.252,0.445,0.3781818181818182,0.14181818181818182,0.04,0.007272727272727273,0.04727272727272727,4.661016949152542,R
Alex McFarlane,25.882352941176475,8.235294117647058,0.0,0.0,0.2823529411764706,0.1411764705882353,0.023529411764705882,0.011764705882352941,0.023529411764705882,4.0476190476190474,R
Alex Vesia,32.056451612903224,11.491935483870968,0.174,0.3125,0.2661290322580645,0.0846774193548387,0.028225806451612902,0.0020161290322580645,0.02620967741935484,3.287671232876712,L
Alexis Díaz,20.0,14.117647058823529,0.0,0.0,0.3764705882352941,0.058823529411764705,0.03529411764705882,0.011764705882352941,0.07058823529411765,4.722222222222222,R
Alimber Santa,15.254237288135593,10.16949152542373,0.0,0.0,0.23728813559322035,0.1016949152542373,0.01694915254237288,0.0,0.01694915254237288,5.9,R
Andrés Muñoz,33.97312859884837,10.36468330134357,0.0,0.0,0.2744721689059501,0.11900191938579655,0.019193857965451054,0.0019193857965451055,0.02111324376199616,3.9344262295081966,R
Andre Granillo,19.78021978021978,7.6923076923076925,0.0,0.0,0.32967032967032966,0.15384615384615385,0.03296703296703297,0.02197802197802198,0.03296703296703297,6.5,
Andre Pallante,15.853658536585366,8.034433285509326,0.259948350071736,0.392745337159254,0.3242467718794835,0.1642754662840746,0.043041606886657105,0.005021520803443328,0.023672883787661407,23.413793103448278,R
Andrew Abbott,19.815994338287332,8.421797593772116,0.24744585987261147,0.411828025477707,0.3078556263269639,0.14578910120311395,0.04175513092710545,0.0021231422505307855,0.03184713375796178,22.78125,L
Andrew Alvarez,23.467600700525395,10.683012259194395,0.24499999999999997,0.375,0.30823117338003503,0.1330998248686515,0.04203152364273205,0.005253940455341506,0.014010507880910683,18.92,
Andrew Chafin,25.174825174825177,13.286713286713287,0.0,0.0,0.3356643356643357,0.18181818181818182,0.006993006993006993,0.0,0.013986013986013986,3.4047619047619047,R
Andrew Heaney,16.044776119402986,7.462686567164178,0.284,0.491,0.332089552238806,0.1287313432835821,0.06343283582089553,0.0018656716417910447,0.04664179104477612,19.85185185185185,R
Andrew Kittredge,24.153498871331827,5.191873589164786,0.23847990543735226,0.38100472813238767,0.2799097065462754,0.15124153498871332,0.03837471783295711,0.004514672686230248,0.033860045146726865,3.890909090909091,R
Andrew Morris,21.49532710280374,8.411214953271028,0.234,0.337,0.32087227414330216,0.17133956386292834,0.037383177570093455,0.006230529595015576,0.01557632398753894,5.015625,
Andrew Nardi,27.27272727272727,11.11111111111111,0.0,0.0,0.3333333333333333,0.12121212121212122,0.050505050505050504,0.0,0.04040404040404041,3.96,L
Andrew Painter,20.921985815602838,8.51063829787234,0.25,0.413,0.3333333333333333,0.16843971631205673,0.031914893617021274,0.0017730496453900709,0.03723404255319149,21.692307692307693,R
Andrew Saalfrank,16.8141592920354,8.849557522123893,0.0,0.0,0.25663716814159293,0.12389380530973451,0.035398230088495575,0.0,0.008849557522123894,4.035714285714286,R
Andrew Sears,16.304347826086957,8.695652173913043,0.0,0.0,0.391304347826087,0.13043478260869565,0.09782608695652174,0.0,0.03260869565217391,15.333333333333334,R
Angel Chivilli,16.95402298850575,8.620689655172415,0.27,0.478,0.3649425287356322,0.16954022988505746,0.04022988505747127,0.0,0.04885057471264368,4.866666666666666,R
Angel Zerpa,21.09090909090909,8.0,0.245,0.399,0.33090909090909093,0.15636363636363637,0.06181818181818182,0.0,0.025454545454545455,3.9855072463768115,L
Anthony Banda,21.555555555555557,11.333333333333334,0.206,0.355,0.32,0.10222222222222223,0.051111111111111114,0.0022222222222222222,0.028888888888888895,4.0,L
Anthony Bender,24.127906976744185,9.593023255813954,0.215,0.365,0.26453488372093026,0.10755813953488372,0.03197674418604651,0.0029069767441860465,0.011627906976744186,4.0,R
Anthony DeSclafani,21.301775147928996,7.100591715976331,0.0,0.0,0.31952662721893493,0.10650887573964497,0.047337278106508875,0.0,0.0650887573964497,13.0,R
Anthony Kay,17.86703601108033,8.171745152354571,0.265,0.41900000000000004,0.34349030470914127,0.15096952908587258,0.04016620498614958,0.00554016620498615,0.029085872576177285,20.055555555555557,L
Anthony Molina,18.58108108108108,4.391891891891892,0.0,0.0,0.32432432432432434,0.16891891891891891,0.0472972972972973,0.006756756756756757,0.05067567567567568,15.11111111111111,R
Anthony Nunez,25.882352941176475,10.196078431372548,0.228,0.373,0.30196078431372547,0.11764705882352941,0.0392156862745098,0.00784313725490196,0.0196078431372549,4.903846153846154,
Anthony Veneziano,21.367521367521366,9.401709401709402,0.0,0.0,0.3504273504273504,0.1452991452991453,0.042735042735042736,0.017094017094017096,0.03418803418803419,4.5,R
Antonio Senzatela,14.300960512273212,7.897545357524013,0.29891388589881596,0.4874241119483316,0.37566702241195304,0.19850586979722518,0.051227321237993596,0.0064034151547491995,0.029882604055496264,5.406779661016949,R
Antwone Kelly,17.28395061728395,9.876543209876543,0.0,0.0,0.345679012345679,0.09876543209876543,0.07407407407407407,0.012345679012345678,0.04938271604938271,10.125,R
Aroldis Chapman,36.043956043956044,8.351648351648352,0.17693197278911563,0.2775170068027211,0.23296703296703297,0.1010989010989011,0.03076923076923077,0.002197802197802198,0.013186813186813187,4.0,L
Austin Cox,21.568627450980394,6.862745098039215,0.0,0.0,0.3627450980392157,0.13725490196078433,0.06862745098039216,0.0,0.08823529411764706,7.846153846153846,R
Austin Gomber,12.5,6.25,0.279,0.553,0.36764705882352944,0.16911764705882354,0.0661764705882353,0.007352941176470588,0.058823529411764705,22.666666666666668,R
Austin Warren,25.462962962962965,11.11111111111111,0.247,0.403,0.3333333333333333,0.12037037037037036,0.06018518518518518,0.0,0.027777777777777776,5.2682926829268295,R
Bailey Falter,15.637065637065636,8.880308880308881,0.263,0.462,0.3127413127413127,0.13127413127413126,0.052123552123552123,0.0019305019305019305,0.03667953667953668,19.923076923076923,L
Bailey Ober,18.227848101265824,5.738396624472574,0.2513139240506329,0.45963291139240503,0.309704641350211,0.1451476793248945,0.05822784810126582,0.0,0.043037974683544304,22.44,R
Beau Brieske,19.51219512195122,9.268292682926829,0.0,0.0,0.32195121951219513,0.14634146341463414,0.03414634146341464,0.0,0.04878048780487805,5.666666666666667,R
Beck Way,20.0,9.523809523809524,0.0,0.0,0.3619047619047619,0.20952380952380953,0.009523809523809525,0.0,0.0380952380952381,5.526315789473684,R
Ben Brown,25.335120643431637,7.10455764075067,0.24285345997286295,0.40864993215739487,0.30294906166219837,0.15415549597855227,0.036193029490616625,0.006702412868632708,0.02680965147453083,13.25,R
Ben Casparius,21.32132132132132,6.306306306306307,0.24000000000000002,0.392,0.3063063063063063,0.14114114114114115,0.06606606606606606,0.003003003003003003,0.024024024024024024,7.239130434782608,R
Ben Joyce,29.508196721311474,14.754098360655737,0.0,0.0,0.29508196721311475,0.09836065573770492,0.01639344262295082,0.0,0.01639344262295082,3.8125,R
Ben Lively,16.292134831460675,8.426966292134832,0.0,0.0,0.29775280898876405,0.1348314606741573,0.0449438202247191,0.0,0.033707865168539325,19.77777777777778,R
Ben Peoples,14.705882352941178,11.76470588235294,0.0,0.0,0.3382352941176471,0.14705882352941177,0.014705882352941176,0.0,0.04411764705882353,4.25,R
Bennett Sousa,26.666666666666668,9.565217391304348,0.0,0.0,0.3130434782608696,0.14782608695652175,0.043478260869565216,0.0,0.02608695652173913,4.055555555555555,R
Blade Tidwell,17.891373801916934,9.904153354632587,0.238,0.38399999999999995,0.34185303514376997,0.15654952076677317,0.025559105431309903,0.0,0.038338658146964855,13.823529411764707,R
Blake Snell,30.03472222222222,10.416666666666666,0.224,0.321,0.2916666666666667,0.1388888888888889,0.03298611111111111,0.001736111111111111,0.010416666666666666,19.2,R
Blake Treinen,25.087108013937282,11.846689895470384,0.0,0.0,0.3693379790940767,0.156794425087108,0.05226480836236934,0.006968641114982578,0.024390243902439025,3.611111111111111,R
Blake Weiman,20.253164556962027,3.7974683544303796,0.0,0.0,0.31645569620253167,0.189873417721519,0.05063291139240506,0.0,0.0379746835443038,4.388888888888889,R
Blas Castano,18.91891891891892,8.108108108108109,0.0,0.0,0.34234234234234234,0.16216216216216217,0.02702702702702703,0.018018018018018018,0.036036036036036036,7.4,R
Bowden Francis,18.75,9.375,0.281,0.501,0.3611111111111111,0.1597222222222222,0.017361111111111112,0.003472222222222222,0.06597222222222222,20.571428571428573,R
Brad Keller,25.86605080831409,8.54503464203233,0.197,0.296,0.2840646651270208,0.14087759815242495,0.013856812933025405,0.0,0.020785219399538105,4.21875,R
Brad Lord,20.487264673311184,8.416389811738648,0.2533953488372093,0.40893023255813954,0.3122923588039867,0.14728682170542637,0.035437430786267994,0.003322259136212625,0.029900332225913623,8.925,R
Bradgley Rodriguez,27.24458204334365,6.811145510835913,0.19,0.297,0.2631578947368421,0.1238390092879257,0.043343653250773995,0.006191950464396285,0.018575851393188854,4.486111111111111,
Bradley Blalock,9.818181818181818,8.363636363636363,0.322,0.591,0.4036363636363636,0.21454545454545454,0.03272727272727273,0.0,0.06181818181818182,19.642857142857142,R
Brady Basso,15.5,5.0,0.0,0.0,0.36,0.18,0.095,0.01,0.02,7.6923076923076925,R
Brady Singer,20.05551700208189,8.466342817487856,0.26362803608605134,0.44522484385843164,0.3393476752255378,0.14920194309507287,0.04371963913948647,0.006245662734212352,0.03539208882720333,23.387096774193548,R
Brandan Bidois,25.0,15.0,0.0,0.0,0.4,0.1625,0.0125,0.0,0.0625,5.333333333333333,R
Brandon Eisert,24.848484848484848,7.878787878787879,0.23699999999999996,0.418,0.3292929292929293,0.13333333333333333,0.06464646464646465,0.00404040404040404,0.03636363636363636,4.725,L
Brandon Pfaadt,18.133935289691497,5.191873589164786,0.2704680210684725,0.4517125658389767,0.3115124153498871,0.15575620767494355,0.056433408577878104,0.003762227238525207,0.030097817908201655,19.379310344827587,R
Brandon Sproat,23.320158102766797,11.660079051383399,0.245,0.407,0.34980237154150196,0.13043478260869565,0.041501976284584984,0.003952569169960474,0.03359683794466403,19.181818181818183,R
Brandon Waddell,16.417910447761194,8.208955223880597,0.0,0.0,0.30597014925373134,0.1044776119402985,0.07462686567164178,0.007462686567164179,0.029850746268656716,12.181818181818182,R
Brandon Walter,24.528301886792452,1.8867924528301887,0.237,0.39,0.25,0.12735849056603774,0.03773584905660377,0.0047169811320754715,0.04716981132075472,23.555555555555557,R
Brandon Williamson,15.584415584415584,12.987012987012985,0.269,0.472,0.35064935064935066,0.12554112554112554,0.03463203463203463,0.004329004329004329,0.03896103896103896,19.25,L
Brandon Woodruff,30.162412993039442,5.568445475638051,0.171,0.299,0.23433874709976799,0.10672853828306264,0.030162412993039442,0.0,0.03248259860788863,19.333333333333332,R
Brandon Young,19.45945945945946,8.972972972972974,0.24750918918918918,0.409347027027027,0.3286486486486486,0.15135135135135136,0.04432432432432432,0.002162162162162162,0.036756756756756756,23.892857142857142,R
Brandyn Garcia,31.25,5.729166666666667,0.0,0.0,0.234375,0.10416666666666667,0.020833333333333332,0.0,0.015625,3.3684210526315788,R
Brant Hurter,21.478060046189377,9.699769053117782,0.227,0.327,0.3163972286374134,0.14549653579676675,0.03002309468822171,0.0,0.016166281755196306,4.931034482758621,L
Braxton Ashcraft,25.443169968717413,6.152241918665276,0.23321793534932223,0.3635192909280501,0.28779979144942647,0.1470281543274244,0.040667361835245046,0.0031282586027111575,0.026068821689259645,23.821428571428573,R
Brayan Bello,17.733990147783253,7.963875205254515,0.267453034081463,0.4207073981712386,0.3218390804597701,0.16666666666666666,0.03284072249589491,0.0016420361247947454,0.024630541871921183,18.77777777777778,R
Braydon Fisher,26.83823529411765,12.316176470588236,0.22299999999999998,0.358,0.30514705882352944,0.11580882352941177,0.027573529411764705,0.001838235294117647,0.025735294117647058,4.133333333333334,
Brenan Hanifee,13.966480446927374,5.865921787709497,0.271,0.418,0.32122905027932963,0.17039106145251395,0.05307262569832402,0.00558659217877095,0.025139664804469275,4.043478260869565,R
Brendon Little,30.598669623059866,16.62971175166297,0.194,0.291,0.35698447893569846,0.12416851441241686,0.037694013303769404,0.004434589800443459,0.019955654101995565,4.4,R
Brennan Bernardino,18.73727087576375,8.35030549898167,0.22953658536585367,0.3559329268292683,0.29938900203665986,0.1384928716904277,0.04684317718940937,0.002036659877800407,0.012219959266802444,3.608108108108108,L
Brent Headrick,30.352941176470587,8.235294117647058,0.21900000000000003,0.322,0.28705882352941176,0.12705882352941175,0.04,0.01411764705882353,0.021176470588235293,3.9642857142857144,L
Brent Suter,19.825072886297377,6.41399416909621,0.2511287425149701,0.4086332335329341,0.30174927113702626,0.15743440233236153,0.037900874635568516,0.008746355685131196,0.029154518950437316,6.910714285714286,L
Brock Burke,22.066549912434326,10.157618213660244,0.23085288966725045,0.3627548161120841,0.30998248686514884,0.13134851138353765,0.03327495621716287,0.008756567425569177,0.02276707530647986,4.077922077922078,L
Brock Stewart,26.31578947368421,8.646616541353383,0.0,0.0,0.2857142857142857,0.12781954887218044,0.02631578947368421,0.007518796992481203,0.022556390977443608,3.566666666666667,R
Brooks Kriske,20.454545454545457,17.045454545454543,0.0,0.0,0.3977272727272727,0.11363636363636363,0.10227272727272728,0.0,0.011363636363636364,5.5,R
Brooks Raley,23.529411764705884,8.04953560371517,0.236,0.374,0.2848297213622291,0.11764705882352941,0.04953560371517028,0.0030959752321981426,0.018575851393188854,3.6721311475409837,L
Bryan Abreu,33.27556325823224,12.651646447140381,0.20382269503546097,0.34132624113475174,0.30849220103986136,0.10745233968804159,0.03292894280762565,0.0017331022530329288,0.02426343154246101,4.132352941176471,R
Bryan Baker,28.244274809160306,7.442748091603052,0.2198108108108108,0.38670656370656376,0.25763358778625955,0.10687022900763359,0.03435114503816794,0.0057251908396946565,0.03244274809160305,3.7313432835820897,R
Bryan Hudson,21.787709497206706,8.659217877094973,0.235,0.332,0.33519553072625696,0.1787709497206704,0.0335195530726257,0.0,0.019553072625698324,3.9859154929577465,L
Bryan King,21.645796064400717,6.0822898032200365,0.23708137432188064,0.36503797468354426,0.3184257602862254,0.17173524150268335,0.03041144901610018,0.0017889087656529517,0.03398926654740608,4.655737704918033,L
Bryan Woo,25.66735112936345,5.338809034907597,0.2273178348369188,0.378912560721721,0.26283367556468173,0.1300479123887748,0.03696098562628337,0.0034223134839151265,0.030116358658453114,23.666666666666668,R
Bryce Elder,19.207317073170735,7.621951219512195,0.25924542682926827,0.42532393292682935,0.3170731707317073,0.15701219512195122,0.037347560975609755,0.003048780487804878,0.036585365853658534,24.346153846153847,R
Bryce Jarvis,21.428571428571427,10.204081632653061,0.0,0.0,0.3469387755102041,0.12244897959183673,0.08163265306122448,0.0,0.030612244897959183,8.166666666666666,R
Bryce Miller,21.673819742489272,8.261802575107296,0.24790193842645386,0.4203112884834664,0.30579399141630903,0.1255364806866953,0.046137339055793994,0.004291845493562232,0.04184549356223176,22.045454545454547,R
Brycen Mautz,25.333333333333336,14.666666666666666,0.0,0.0,0.41333333333333333,0.16,0.05333333333333334,0.0,0.02666666666666667,9.375,R
Bryse Wilson,15.733333333333333,5.866666666666666,0.336,0.578,0.36533333333333334,0.21066666666666667,0.032,0.010666666666666666,0.042666666666666665,9.4375,R
Bubba Chandler,21.428571428571427,10.526315789473685,0.236,0.38,0.31954887218045114,0.13157894736842105,0.042606516290726815,0.006265664160401002,0.021303258145363407,21.741935483870968,R
Burch Smith,27.397260273972602,9.58904109589041,0.0,0.0,0.3424657534246575,0.136986301369863,0.0821917808219178,0.0,0.0273972602739726,5.615384615384615,R
Cade Cavalli,25.945945945945947,6.810810810810811,0.23839243243243244,0.3685762162162162,0.31135135135135134,0.16108108108108107,0.032432432432432434,0.001081081081081081,0.02702702702702703,22.0625,R
Cade Gibson,19.290465631929045,9.312638580931264,0.23811973392461197,0.3283791574279379,0.3259423503325942,0.15077605321507762,0.037694013303769404,0.0022172949002217295,0.015521064301552107,4.702127659574468,R
Cade Horton,20.3781512605042,6.932773109243698,0.236,0.406,0.2815126050420168,0.1407563025210084,0.03571428571428571,0.0021008403361344537,0.02100840336134454,20.695652173913043,R
Cade Povich,22.530864197530864,8.950617283950617,0.269,0.495,0.3472222222222222,0.1728395061728395,0.040123456790123455,0.006172839506172839,0.035493827160493825,20.0,L
Cade Smith,35.064935064935064,7.142857142857143,0.19505042016806723,0.3069327731092437,0.25487012987012986,0.10064935064935066,0.05032467532467533,0.0016233766233766235,0.01461038961038961,4.23943661971831,R
Caden Dana,23.404255319148938,12.76595744680851,0.0,0.0,0.3475177304964539,0.1276595744680851,0.02127659574468085,0.0,0.06382978723404255,20.142857142857142,R
Cal Quantrill,17.364016736401673,6.2761506276150625,0.26292782426778244,0.46371025104602515,0.30962343096234307,0.14644351464435146,0.04602510460251046,0.006276150627615063,0.036610878661087864,13.84375,R
Caleb Boushley,21.243523316062177,7.253886010362693,0.0,0.0,0.3626943005181347,0.19170984455958548,0.06217616580310881,0.0,0.025906735751295335,7.72,R
Caleb Ferguson,19.221967963386728,10.068649885583524,0.237,0.329,0.33638443935926776,0.15789473684210525,0.043478260869565216,0.002288329519450801,0.018306636155606407,4.285714285714286,R
Caleb Kilian,26.794258373205743,10.526315789473685,0.216,0.36,0.3157894736842105,0.16267942583732056,0.009569377990430622,0.004784688995215311,0.028708133971291867,4.26530612244898,R
Caleb Thielbar,27.008928571428573,7.589285714285714,0.2215406032482599,0.38953828306264504,0.27232142857142855,0.12276785714285714,0.033482142857142856,0.002232142857142857,0.03571428571428571,3.6551724137931036,L
Calvin Faucher,24.043715846994534,11.11111111111111,0.24425683060109285,0.34630054644808744,0.31693989071038253,0.14754098360655737,0.0273224043715847,0.0018214936247723133,0.01639344262295082,4.260869565217392,R
Cam Booser,26.936026936026938,8.754208754208754,0.0,0.0,0.2727272727272727,0.10437710437710437,0.030303030303030304,0.0,0.04377104377104377,3.5813953488372094,R
Cam Sanders,30.53435114503817,15.267175572519085,0.0,0.0,0.3511450381679389,0.1297709923664122,0.030534351145038167,0.0,0.007633587786259542,4.678571428571429,R
Cam Schlittler,29.93138936535163,7.0325900514579756,0.2128507042253521,0.34255586854460096,0.258147512864494,0.12264150943396226,0.032590051457975985,0.002572898799313894,0.02058319039451115,23.02857142857143,R
Camilo Doval,24.601769911504423,12.035398230088495,0.2209818511796733,0.33148638838475497,0.3292035398230089,0.1415929203539823,0.035398230088495575,0.0,0.019469026548672566,4.136363636363637,R
Carlos Carrasco,14.385964912280702,7.017543859649122,0.281,0.468,0.3649122807017544,0.17894736842105263,0.05964912280701754,0.0035087719298245615,0.0456140350877193,9.125,R
Carlos Estévez,20.074349442379184,8.178438661710038,0.0,0.0,0.275092936802974,0.11524163568773234,0.040892193308550186,0.0037174721189591076,0.01858736059479554,4.014925373134329,R
Carlos Hernández,19.21182266009852,10.83743842364532,0.0,0.0,0.3645320197044335,0.18719211822660098,0.03940886699507389,0.0,0.019704433497536946,4.951219512195122,R
Carlos Rodón,25.811965811965816,9.914529914529915,0.0,0.0,0.27521367521367524,0.10427350427350428,0.03418803418803419,0.0,0.026495726495726495,21.25,R
Carlos Vargas,16.85393258426966,6.741573033707865,0.246,0.37,0.3325842696629214,0.1662921348314607,0.04269662921348315,0.0022471910112359553,0.029213483146067417,5.0625,R
Carmen Mlodzinski,19.456066945606693,7.426778242677824,0.27167259414225947,0.41128974895397485,0.3200836820083682,0.1684100418410042,0.04707112970711297,0.0031380753138075313,0.01882845188284519,14.513513513513514,R
Carson Fulmer,21.138211382113823,8.94308943089431,0.0,0.0,0.2926829268292683,0.12195121951219512,0.032520325203252036,0.008130081300813009,0.04065040650406504,9.461538461538462,R
Carson Palmquist,16.600790513833992,13.043478260869565,0.0,0.0,0.4150197628458498,0.16205533596837945,0.05138339920948617,0.003952569169960474,0.043478260869565216,7.090909090909091,R
Carson Seymour,16.554054054054053,9.797297297297296,0.0,0.0,0.3344594594594595,0.14189189189189189,0.037162162162162164,0.0,0.05067567567567568,5.6,R
Carson Whisenhunt,15.789473684210526,12.406015037593985,0.0,0.0,0.37218045112781956,0.14661654135338345,0.045112781954887216,0.0037593984962406013,0.041353383458646614,20.5,R
Casey Lawrence,8.75,1.25,0.0,0.0,0.35,0.225,0.075,0.0,0.025,13.333333333333334,R
Casey Legumina,20.99236641221374,8.396946564885496,0.24377480916030533,0.39313358778625956,0.3320610687022901,0.15267175572519084,0.04770992366412214,0.0019083969465648854,0.026717557251908396,5.545454545454546,R
Casey Mize,21.31557035803497,6.49458784346378,0.23693367346938776,0.4040637755102041,0.302248126561199,0.13821815154038303,0.05578684429641965,0.004995836802664446,0.03330557868442964,21.115384615384617,R
Cesar Perdomo,13.461538461538462,6.730769230769231,0.0,0.0,0.3269230769230769,0.19230769230769232,0.019230769230769232,0.009615384615384616,0.038461538461538464,20.8,R
Chad Green,18.421052631578945,6.842105263157896,0.0,0.0,0.3473684210526316,0.1631578947368421,0.031578947368421054,0.0,0.07368421052631578,4.222222222222222,R
Chad Patrick,23.692307692307693,9.025641025641026,0.23953227513227512,0.3912582010582011,0.3046153846153846,0.13333333333333333,0.04205128205128205,0.003076923076923077,0.02666666666666667,7.7368421052631575,R
Charlie Morton,22.782874617737004,11.009174311926607,0.24599999999999997,0.409,0.363914373088685,0.1452599388379205,0.047400611620795105,0.0045871559633027525,0.035168195718654434,19.818181818181817,R
Chase Burns,30.741190765492103,8.748481166464156,0.207,0.347,0.2891859052247874,0.12515188335358446,0.04374240583232078,0.004860267314702308,0.026731470230862697,21.724137931034484,R
Chase Dollander,20.476190476190474,10.634920634920634,0.249,0.448,0.346031746031746,0.14761904761904762,0.0380952380952381,0.0015873015873015873,0.0380952380952381,18.9,R
Chase Lee,24.324324324324326,6.081081081081082,0.0,0.0,0.2905405405405405,0.10810810810810811,0.0472972972972973,0.013513513513513514,0.0472972972972973,4.625,R
Chase Petty,10.79136690647482,6.474820143884892,0.0,0.0,0.30935251798561153,0.12949640287769784,0.050359712230215826,0.0,0.04316546762589928,8.6875,R
Chase Shugart,22.277227722772277,9.158415841584159,0.214,0.39,0.29207920792079206,0.10643564356435643,0.03217821782178218,0.009900990099009901,0.039603960396039604,4.8478260869565215,R
Chase Silseth,27.30627306273063,12.915129151291513,0.221,0.368,0.3505535055350554,0.14022140221402213,0.033210332103321034,0.007380073800738007,0.02214022140221402,3.712328767123288,R
Chris Bassitt,20.391517128874387,7.504078303425775,0.2617692307692308,0.40499999999999997,0.3352365415986949,0.16965742251223492,0.04404567699836868,0.0024469820554649264,0.026101141924959218,23.0,R
Chris Devenski,21.53846153846154,7.6923076923076925,0.0,0.0,0.26153846153846155,0.07692307692307693,0.06153846153846154,0.0,0.015384615384615385,5.0,R
Chris Flexen,12.359550561797754,6.741573033707865,0.0,0.0,0.2808988764044944,0.16292134831460675,0.011235955056179775,0.0,0.03932584269662921,8.476190476190476,R
Chris Martin,24.71264367816092,4.597701149425287,0.0,0.0,0.2988505747126437,0.19540229885057472,0.017241379310344827,0.0,0.034482758620689655,3.625,R
Chris Murphy,21.812080536912752,12.080536912751677,0.0,0.0,0.3288590604026846,0.11073825503355705,0.03691275167785235,0.003355704697986577,0.026845637583892617,4.545454545454546,R
Chris Paddack,16.221985058697975,5.976520811099253,0.27499466382070437,0.4764567769477055,0.3233724653148346,0.1632870864461046,0.04695837780149413,0.005336179295624333,0.042689434364994665,19.071428571428573,R
Chris Roycroft,15.172413793103448,11.379310344827585,0.0,0.0,0.39655172413793105,0.1793103448275862,0.041379310344827586,0.006896551724137931,0.041379310344827586,7.0,R
Chris Sale,31.683168316831683,5.2805280528052805,0.21115544041450776,0.32391709844559585,0.2764026402640264,0.14521452145214522,0.03217821782178218,0.004125412541254125,0.018976897689768978,23.4,L
Chris Stratton,21.153846153846153,9.615384615384617,0.0,0.0,0.40384615384615385,0.20192307692307693,0.04807692307692308,0.019230769230769232,0.038461538461538464,6.933333333333334,R
Christian Scott,28.270042194092827,9.915611814345992,0.221,0.344,0.3143459915611814,0.13291139240506328,0.035864978902953586,0.002109704641350211,0.02531645569620253,20.608695652173914,R
Cionel Pérez,21.103896103896105,12.012987012987013,0.0,0.0,0.37012987012987014,0.18181818181818182,0.025974025974025976,0.003246753246753247,0.032467532467532464,4.95,R
Clarke Schmidt,23.10126582278481,9.49367088607595,0.198,0.339,0.27531645569620256,0.10443037974683544,0.0379746835443038,0.006329113924050633,0.028481012658227847,22.571428571428573,R
Clay Holmes,18.367346938775512,9.582963620230702,0.2446282165039929,0.37689795918367347,0.31233362910381546,0.14995563442768414,0.03371783496007098,0.001774622892635315,0.01774622892635315,23.27777777777778,R
Clayton Beeter,25.559105431309906,15.654952076677317,0.226,0.379,0.3226837060702875,0.10543130990415335,0.01597444089456869,0.0,0.03514376996805112,4.18,R
Clayton Kershaw,17.573221757322173,7.949790794979079,0.24900000000000003,0.37699999999999995,0.30962343096234307,0.15271966527196654,0.04811715481171548,0.0041841004184100415,0.02092050209205021,19.12,R
Cody Bolton,23.157894736842106,14.736842105263156,0.0,0.0,0.37894736842105264,0.12631578947368421,0.06315789473684211,0.0,0.031578947368421054,11.875,R
Cody Bradford,11.398963730569948,5.181347150259067,0.0,0.0,0.34196891191709844,0.19170984455958548,0.06217616580310881,0.0,0.031088082901554404,19.3,R
Cody Laweryson,23.076923076923077,10.256410256410255,0.0,0.0,0.32051282051282054,0.11538461538461539,0.038461538461538464,0.0,0.038461538461538464,5.2,R
Cole Henry,21.57676348547718,13.278008298755188,0.212,0.366,0.35684647302904565,0.11618257261410789,0.03319502074688797,0.0,0.029045643153526972,4.228070175438597,
Cole Ragans,35.049019607843135,10.53921568627451,0.187,0.322,0.30637254901960786,0.10784313725490197,0.04411764705882353,0.0024509803921568627,0.041666666666666664,18.875,L
Cole Sands,21.40468227424749,6.354515050167224,0.234,0.403,0.29431438127090304,0.14046822742474915,0.043478260869565216,0.010033444816053512,0.023411371237458192,4.333333333333333,R
Cole Sulser,23.926380368098158,7.361963190184049,0.25,0.457,0.29754601226993865,0.1441717791411043,0.05521472392638037,0.0,0.024539877300613498,4.627450980392157,R
Cole Wilcox,22.76422764227642,13.821138211382115,0.0,0.0,0.37398373983739835,0.18699186991869918,0.016260162601626018,0.0,0.016260162601626018,5.3478260869565215,R
Cole Winn,22.281167108753316,8.753315649867375,0.274,0.442,0.3050397877984085,0.1273209549071618,0.03978779840848806,0.010610079575596816,0.026525198938992044,4.215686274509804,R
Coleman Crow,11.76470588235294,7.0588235294117645,0.0,0.0,0.32941176470588235,0.12941176470588237,0.08235294117647059,0.011764705882352941,0.023529411764705882,17.0,R
Colin Holderman,19.596541786743515,10.37463976945245,0.219,0.3410000000000001,0.3371757925072046,0.1440922190201729,0.037463976945244955,0.002881844380403458,0.01440922190201729,4.111111111111111,R
Colin Rea,18.018720748829953,7.332293291731669,0.2661697357886309,0.4539791833466773,0.3166926677067083,0.15834633385335414,0.039781591263650544,0.00234009360374415,0.0327613104524181,17.264705882352942,R
Collin Snider,20.168067226890756,5.042016806722689,0.0,0.0,0.33613445378151263,0.12605042016806722,0.10084033613445378,0.01680672268907563,0.025210084033613446,4.958333333333333,R
Colton Gordon,18.997361477572557,5.013192612137203,0.266,0.471,0.32717678100263853,0.15303430079155672,0.06068601583113457,0.002638522427440633,0.055408970976253295,18.95,L
Connelly Early,25.903614457831324,7.831325301204819,0.23200000000000004,0.4040000000000001,0.3092369477911647,0.15060240963855423,0.030120481927710843,0.0,0.030120481927710843,22.22222222222222,L
Connor Brogdon,23.79182156133829,7.806691449814126,0.0,0.0,0.3048327137546468,0.11524163568773234,0.04460966542750929,0.0037174721189591076,0.05947955390334572,4.375,R
Connor Gillispie,18.69918699186992,8.94308943089431,0.0,0.0,0.35772357723577236,0.12195121951219512,0.08943089430894309,0.0,0.04878048780487805,20.5,R
Connor Phillips,25.2,17.6,0.0,0.0,0.344,0.08,0.032,0.004,0.032,5.37037037037037,
Connor Prielipp,23.925233644859816,8.224299065420562,0.237,0.381,0.31588785046728973,0.15140186915887852,0.03925233644859813,0.003738317757009346,0.026168224299065422,22.291666666666668,L
Connor Seabold,17.391304347826086,9.565217391304348,0.0,0.0,0.3826086956521739,0.19130434782608696,0.05217391304347826,0.0,0.017391304347826087,5.476190476190476,
Connor Thomas,15.254237288135593,7.627118644067797,0.0,0.0,0.3644067796610169,0.2033898305084746,0.03389830508474576,0.0,0.03389830508474576,6.2105263157894735,R
Cooper Criswell,15.873015873015872,8.333333333333334,0.0,0.0,0.3412698412698413,0.20238095238095238,0.01984126984126984,0.007936507936507936,0.023809523809523808,4.648648648648648,R
Corbin Burnes,23.77358490566038,9.811320754716983,0.227,0.385,0.2943396226415094,0.10943396226415095,0.04905660377358491,0.0,0.026415094339622643,24.09090909090909,R
Corbin Martin,25.84269662921348,10.112359550561797,0.0,0.0,0.3707865168539326,0.1348314606741573,0.056179775280898875,0.011235955056179775,0.0449438202247191,5.235294117647059,R
Craig Kimbrel,20.408163265306122,11.224489795918368,0.0,0.0,0.33163265306122447,0.1326530612244898,0.04591836734693878,0.00510204081632653,0.02040816326530612,4.260869565217392,R
Craig Yoho,25.0,10.975609756097562,0.0,0.0,0.3048780487804878,0.08536585365853659,0.054878048780487805,0.0,0.036585365853658534,4.823529411764706,R
Cristian Javier,21.478060046189377,9.930715935334874,0.254,0.421,0.3279445727482679,0.15011547344110854,0.03464203233256351,0.006928406466512702,0.03002309468822171,16.235294117647058,R
Cristopher Sánchez,26.4756446991404,5.558739255014327,0.0,0.0,0.2871060171919771,0.16389684813753583,0.04183381088825215,0.0,0.017765042979942695,26.11764705882353,R
DL Hall,22.660098522167488,13.300492610837441,0.193,0.3,0.270935960591133,0.08866995073891626,0.024630541871921183,0.0024630541871921183,0.017241379310344827,5.122448979591836,L
Dan Altavilla,17.5,12.5,0.0,0.0,0.31666666666666665,0.08333333333333333,0.041666666666666664,0.0,0.03333333333333333,4.285714285714286,R
Dane Dunning,22.105263157894736,7.368421052631578,0.0,0.0,0.35789473684210527,0.15789473684210525,0.05263157894736842,0.0,0.042105263157894736,7.916666666666667,R
Daniel Duarte,26.785714285714285,6.25,0.0,0.0,0.22321428571428573,0.10714285714285714,0.017857142857142856,0.0,0.026785714285714284,4.666666666666667,R
Daniel Espino,36.76470588235294,11.76470588235294,0.0,0.0,0.3088235294117647,0.1323529411764706,0.014705882352941176,0.0,0.04411764705882353,4.533333333333333,R
Daniel Lynch IV,15.65891472868217,8.062015503875969,0.2569674418604651,0.4222790697674419,0.3116279069767442,0.13798449612403102,0.046511627906976744,0.0015503875968992248,0.02945736434108527,6.357142857142857,L
Daniel Palencia,25.668449197860962,7.754010695187166,0.225,0.354,0.2914438502673797,0.13101604278074866,0.03208556149732621,0.008021390374331552,0.029411764705882353,3.9393939393939394,R
Danny Coulombe,19.485294117647058,12.132352941176471,0.0,0.0,0.3088235294117647,0.15073529411764705,0.01838235294117647,0.0,0.014705882352941176,3.310344827586207,L
Dauri Moreta,27.941176470588236,10.294117647058822,0.0,0.0,0.3382352941176471,0.17647058823529413,0.029411764705882353,0.0,0.029411764705882353,3.7777777777777777,R
David Bednar,30.76923076923077,7.334525939177102,0.20980037664783427,0.323180790960452,0.26118067978533094,0.12880143112701253,0.03220035778175313,0.007155635062611807,0.014311270125223614,4.333333333333333,R
David Festa,23.144104803493455,8.296943231441048,0.243,0.465,0.314410480349345,0.13973799126637554,0.03056768558951965,0.0,0.043668122270742356,20.818181818181817,R
David Morgan,25.41899441340782,12.569832402234637,0.0,0.0,0.3463687150837989,0.1452513966480447,0.03910614525139665,0.0027932960893854745,0.01675977653631285,5.0625,
David Peterson,20.70452911574407,9.345794392523365,0.26856493506493506,0.4050865800865801,0.3342918763479511,0.16822429906542055,0.041696621135873475,0.004313443565780014,0.018691588785046728,20.242424242424242,L
David Robertson,27.160493827160494,9.876543209876543,0.0,0.0,0.345679012345679,0.13580246913580246,0.04938271604938271,0.0,0.04938271604938271,3.857142857142857,R
David Sandlin,23.25581395348837,8.13953488372093,0.0,0.0,0.29651162790697677,0.13372093023255813,0.023255813953488372,0.011627906976744186,0.040697674418604654,19.11111111111111,R
Davis Martin,18.555008210180624,7.717569786535304,0.27149343185550084,0.4391650246305419,0.3218390804597701,0.15270935960591134,0.048440065681444995,0.0024630541871921183,0.027914614121510674,21.275862068965516,R
Dax Fulton,23.770491803278688,12.295081967213115,0.0,0.0,0.319672131147541,0.13114754098360656,0.02459016393442623,0.02459016393442623,0.00819672131147541,7.625,R
Daysbel Hernández,20.121951219512198,18.29268292682927,0.0,0.0,0.3597560975609756,0.11585365853658537,0.03048780487804878,0.0,0.018292682926829267,4.205128205128205,R
Dean Kremer,21.26865671641791,6.902985074626866,0.23728358208955225,0.41939552238805966,0.292910447761194,0.13619402985074627,0.04197761194029851,0.005597014925373134,0.03731343283582089,21.41176470588235,R
Dedniel Núñez,27.77777777777778,0.0,0.0,0.0,0.2361111111111111,0.1388888888888889,0.041666666666666664,0.0,0.05555555555555555,4.0,R
Dennis Santana,20.96153846153846,8.076923076923077,0.23282692307692307,0.4126153846153846,0.2846153846153846,0.11538461538461539,0.04230769230769231,0.0057692307692307696,0.028846153846153848,4.385964912280702,R
Devin Williams,31.808278867102395,10.457516339869281,0.192,0.314,0.3115468409586057,0.13507625272331156,0.04357298474945534,0.002178649237472767,0.017429193899782137,4.181818181818182,R
Didier Fuentes,30.124223602484474,6.521739130434782,0.22299999999999998,0.347,0.2732919254658385,0.14596273291925466,0.024844720496894408,0.006211180124223602,0.024844720496894408,5.193548387096774,R
Dietrich Enns,22.962962962962962,9.62962962962963,0.0,0.0,0.3296296296296296,0.16296296296296298,0.044444444444444446,0.003703703703703704,0.022222222222222223,5.384615384615385,
Drew Anderson,25.0,9.429824561403509,0.22599999999999998,0.37300000000000005,0.31359649122807015,0.13157894736842105,0.03728070175438596,0.0021929824561403508,0.03508771929824561,9.306122448979592,
Drew Pomeranz,22.408963585434172,8.683473389355742,0.21499999999999997,0.365,0.30532212885154064,0.14565826330532214,0.01680672268907563,0.0,0.036414565826330535,4.354838709677419,L
Drew Rasmussen,24.296875,5.546875,0.23073205741626793,0.35792822966507176,0.25390625,0.1375,0.02578125,0.00078125,0.025,22.419354838709676,R
Drew Rom,20.481927710843372,8.433734939759036,0.0,0.0,0.3493975903614458,0.14457831325301204,0.10843373493975904,0.0,0.012048192771084338,4.611111111111111,R
Drew Sommers,36.68639053254438,8.284023668639055,0.0,0.0,0.3076923076923077,0.17159763313609466,0.011834319526627219,0.0,0.023668639053254437,3.9302325581395348,R
Drey Jameson,15.116279069767439,11.627906976744185,0.0,0.0,0.3488372093023256,0.1511627906976744,0.046511627906976744,0.011627906976744186,0.011627906976744186,7.166666666666667,R
Dustin May,22.149302707137,8.859721082854799,0.2558464730290457,0.42317095435684654,0.33470057424118127,0.15340442986054142,0.03937653814602133,0.005742411812961444,0.02871205906480722,19.84375,R
Dylan Cease,32.278481012658226,10.548523206751055,0.20328926794598437,0.32540724946695093,0.2960618846694796,0.12025316455696203,0.04149085794655415,0.0007032348804500702,0.02250351617440225,23.620689655172413,R
Dylan Dodd,25.57471264367816,5.459770114942529,0.0,0.0,0.2471264367816092,0.10344827586206896,0.03735632183908046,0.005747126436781609,0.034482758620689655,4.1568627450980395,R
Dylan Lee,28.96678966789668,5.904059040590406,0.2015037878787879,0.34573106060606057,0.25092250922509224,0.11808118081180811,0.033210332103321034,0.007380073800738007,0.033210332103321034,3.68,L
Dylan Smith,25.423728813559322,12.429378531073446,0.0,0.0,0.3333333333333333,0.15254237288135594,0.02824858757062147,0.0,0.01694915254237288,4.214285714285714,R
Easton Lucas,21.296296296296298,11.11111111111111,0.0,0.0,0.3425925925925926,0.14814814814814814,0.037037037037037035,0.0,0.046296296296296294,18.0,R
Edgardo Henriquez,27.514792899408285,10.059171597633137,0.17,0.237,0.29289940828402367,0.1242603550295858,0.03550295857988166,0.0029585798816568047,0.008875739644970414,3.9838709677419355,
Eduard Bazardo,25.152439024390244,8.079268292682928,0.23375245901639344,0.4033065573770492,0.29573170731707316,0.13719512195121952,0.03201219512195122,0.001524390243902439,0.038109756097560975,4.068493150684931,R
Eduardo Rodríguez,19.29824561403509,8.232118758434549,0.0,0.0,0.32051282051282054,0.15519568151147098,0.04723346828609987,0.004723346828609987,0.029689608636977057,24.625,R
Eduardo Salazar,15.333333333333334,10.666666666666668,0.0,0.0,0.4266666666666667,0.19333333333333333,0.06666666666666667,0.006666666666666667,0.04666666666666667,5.0,R
Edward Cabrera,23.737916219119228,9.022556390977444,0.25115789473684214,0.4165563909774436,0.322234156820623,0.14500537056928034,0.03866809881847476,0.0,0.03544575725026853,19.444444444444443,R
Edwin Díaz,35.45706371191136,8.86426592797784,0.0,0.0,0.296398891966759,0.12465373961218837,0.027700831024930747,0.005540166204986149,0.019390581717451522,4.478260869565218,R
Edwin Uceta,32.087227414330215,8.411214953271028,0.21900000000000003,0.395,0.30218068535825543,0.11838006230529595,0.03426791277258567,0.006230529595015576,0.03426791277258567,4.585714285714285,R
Eli Morgan,17.582417582417584,9.89010989010989,0.0,0.0,0.38461538461538464,0.17582417582417584,0.03296703296703297,0.0,0.054945054945054944,5.6875,R
Elmer Rodríguez,16.8,12.8,0.0,0.0,0.376,0.16,0.032,0.0,0.016,20.833333333333332,R
Elvin Rodríguez,20.0,7.777777777777778,0.0,0.0,0.37777777777777777,0.13333333333333333,0.05555555555555555,0.0,0.1,12.857142857142858,R
Elvis Alvarado,27.9126213592233,11.407766990291263,0.218,0.418,0.3131067961165049,0.10679611650485436,0.043689320388349516,0.0,0.038834951456310676,4.089285714285714,R
Emerson Hancock,19.917440660474714,7.017543859649122,0.26183701366982126,0.43348054679284964,0.3106295149638803,0.15170278637770898,0.04024767801857585,0.0,0.03611971104231166,22.64,R
Emilio Pagán,28.37837837837838,7.4324324324324325,0.0,0.0,0.2545045045045045,0.08783783783783784,0.038288288288288286,0.0022522522522522522,0.038288288288288286,3.9545454545454546,R
Emmanuel Clase,23.383084577114428,5.970149253731344,0.0,0.0,0.30845771144278605,0.17412935323383086,0.03980099502487562,0.004975124378109453,0.009950248756218905,4.1875,R
Emmet Sheehan,28.30423940149626,7.4812967581047385,0.2122791612057667,0.3664141546526868,0.2880299251870324,0.11346633416458853,0.048628428927680795,0.003740648379052369,0.034912718204488775,20.52173913043478,R
Enmanuel De Jesus,21.910112359550563,8.426966292134832,0.0,0.0,0.3089887640449438,0.15730337078651685,0.02247191011235955,0.016853932584269662,0.016853932584269662,5.933333333333334,
Enyel De Los Santos,22.203098106712563,7.573149741824441,0.23460240963855422,0.39279518072289155,0.3046471600688468,0.13080895008605853,0.058519793459552494,0.0034423407917383822,0.03098106712564544,4.5606060606060606,R
Eric Lauer,19.56989247311828,7.204301075268817,0.24835874439461883,0.44825560538116593,0.2978494623655914,0.12903225806451613,0.041935483870967745,0.0032258064516129032,0.04408602150537634,21.181818181818183,L
Eric Orze,20.708446866485012,10.899182561307901,0.0,0.0,0.3405994550408719,0.1444141689373297,0.05449591280653951,0.005449591280653951,0.013623978201634877,5.25,R
Erick Fedde,14.967637540453074,9.627831715210355,0.26661757526444263,0.45163140764849474,0.33414239482200647,0.15129449838187703,0.043689320388349516,0.0024271844660194173,0.03398058252427184,18.029411764705884,R
Erik Miller,26.666666666666668,15.0,0.18,0.266,0.3527777777777778,0.1388888888888889,0.030555555555555555,0.0,0.011111111111111112,3.9322033898305087,L
Erik Sabrowski,35.67251461988304,16.08187134502924,0.142,0.24600000000000002,0.30409356725146197,0.07309941520467836,0.03508771929824561,0.005847953216374269,0.014619883040935672,3.435483870967742,L
Erik Tolman,25.37313432835821,13.432835820895523,0.0,0.0,0.3283582089552239,0.14925373134328357,0.029850746268656716,0.0,0.014925373134328358,4.466666666666667,R
Ethan Pecko,16.428571428571427,10.0,0.0,0.0,0.29285714285714287,0.10714285714285714,0.03571428571428571,0.0,0.03571428571428571,17.5,R
Ethan Roberts,15.454545454545453,12.727272727272727,0.0,0.0,0.35454545454545455,0.14545454545454545,0.01818181818181818,0.00909090909090909,0.02727272727272727,4.782608695652174,R
Eury Pérez,26.31578947368421,9.569377990430622,0.0,0.0,0.29186602870813394,0.10622009569377991,0.04401913875598086,0.0028708133971291866,0.03062200956937799,22.0,R
Evan Phillips,30.27522935779817,6.422018348623855,0.0,0.0,0.27522935779816515,0.11009174311926606,0.045871559633027525,0.0,0.045871559633027525,3.303030303030303,R
Evan Sisk,27.075812274368232,12.635379061371841,0.0,0.0,0.35379061371841153,0.1299638989169675,0.04332129963898917,0.0036101083032490976,0.010830324909747292,4.804878048780488,
Félix Bautista,35.2112676056338,16.19718309859155,0.0,0.0,0.2746478873239437,0.06338028169014084,0.028169014084507043,0.0,0.02112676056338028,4.057142857142857,R
Fernando Cruz,31.77777777777778,12.88888888888889,0.185,0.324,0.3111111111111111,0.10222222222222223,0.042222222222222223,0.0,0.02666666666666667,3.8360655737704916,R
Foster Griffin,21.914008321775313,6.2413314840499305,0.262,0.414,0.30374479889042993,0.15117891816920942,0.04160887656033287,0.0027739251040221915,0.0319001386962552,23.258064516129032,L
Framber Valdez,20.641025641025642,8.653846153846153,0.24926025641025643,0.3772884615384615,0.31858974358974357,0.15705128205128205,0.03782051282051282,0.0038461538461538464,0.01987179487179487,24.451612903225808,L
Franco Aleman,27.184466019417474,9.70873786407767,0.0,0.0,0.3786407766990291,0.18446601941747573,0.019417475728155338,0.0,0.038834951456310676,4.904761904761905,R
Frankie Montas,17.97752808988764,7.865168539325842,0.0,0.0,0.3539325842696629,0.14606741573033707,0.07865168539325842,0.0,0.0449438202247191,19.77777777777778,R
Fraser Ellard,29.72972972972973,25.675675675675674,0.0,0.0,0.3783783783783784,0.08108108108108109,0.013513513513513514,0.0,0.013513513513513514,4.111111111111111,R
Freddy Peralta,24.88599348534202,8.859934853420194,0.22006744666207848,0.36602408809359943,0.29576547231270356,0.12182410423452769,0.03973941368078176,0.001302931596091205,0.03257328990228013,22.666666666666668,R
Génesis Cabrera,18.71657754010695,9.62566844919786,0.0,0.0,0.35294117647058826,0.13903743315508021,0.0427807486631016,0.0,0.06417112299465241,4.675,R
Gabe Speier,28.72570194384449,6.047516198704104,0.187,0.31,0.2634989200863931,0.10583153347732181,0.04319654427645788,0.0064794816414686825,0.02591792656587473,3.5185185185185186,L
Gabriel Hughes,19.78798586572438,8.480565371024735,0.24200000000000002,0.38,0.33568904593639576,0.15547703180212014,0.04946996466431095,0.01060070671378092,0.024734982332155476,20.214285714285715,R
Gage Jump,24.71395881006865,10.526315789473685,0.262,0.402,0.3524027459954233,0.15789473684210525,0.05034324942791762,0.002288329519450801,0.02745995423340961,21.85,R
Garrett Cleavinger,32.07547169811322,9.433962264150944,0.205,0.333,0.2971698113207547,0.11556603773584906,0.025943396226415096,0.0047169811320754715,0.03537735849056604,3.549019607843137,L
Garrett Crochet,30.95723014256619,5.8044806517311605,0.21,0.347,0.2739307535641548,0.1384928716904277,0.03767820773930754,0.002036659877800407,0.03054989816700611,20.285714285714285,L
Garrett Whitlock,30.136986301369863,7.436399217221135,0.2,0.311,0.2759295499021526,0.1506849315068493,0.029354207436399216,0.0,0.011741682974559686,3.7818181818181817,R
Gavin Collyer,20.353982300884958,16.8141592920354,0.0,0.0,0.37168141592920356,0.09734513274336283,0.035398230088495575,0.0,0.017699115044247787,4.708333333333333,
Gavin Williams,29.431438127090303,9.899665551839465,0.22534068965517243,0.40036965517241385,0.29431438127090304,0.12040133779264214,0.033444816053511704,0.0013377926421404682,0.03411371237458194,23.242424242424242,R
Geoff Hartlieb,17.741935483870968,11.29032258064516,0.0,0.0,0.3629032258064516,0.1774193548387097,0.04032258064516129,0.016129032258064516,0.008064516129032258,6.888888888888889,R
George Kirby,22.767857142857142,5.9523809523809526,0.25720079051383404,0.4042719367588933,0.31994047619047616,0.17113095238095238,0.047619047619047616,0.002976190476190476,0.03050595238095238,24.7,R
George Klassen,19.2,16.8,0.0,0.0,0.36,0.136,0.032,0.0,0.016,20.833333333333332,R
George Soriano,22.03023758099352,11.663066954643629,0.23100000000000004,0.4,0.34989200863930886,0.13390928725701945,0.04319654427645788,0.0021598272138228943,0.04319654427645788,4.142857142857143,R
Gerardo Carrillo,25.925925925925927,19.753086419753085,0.0,0.0,0.38271604938271603,0.1111111111111111,0.06172839506172839,0.0,0.0,6.230769230769231,R
Germán Márquez,14.510278113663846,8.706166868198308,0.0,0.0,0.36638452237001207,0.15598548972188633,0.06166868198307134,0.007255139056831922,0.044740024183796856,18.153846153846153,R
Gerrit Cole,25.185185185185183,4.814814814814815,0.24799999999999997,0.401,0.2740740740740741,0.13148148148148148,0.044444444444444446,0.003703703703703704,0.04259259259259259,23.47826086956522,R
Gordon Graceffo,19.845857418111752,9.441233140655106,0.24300000000000002,0.415,0.302504816955684,0.11753371868978806,0.057803468208092484,0.009633911368015413,0.01348747591522158,5.258064516129032,R
Graham Ashcraft,23.582766439909296,11.11111111111111,0.243,0.337,0.3356009070294785,0.1564625850340136,0.05215419501133787,0.0022675736961451248,0.009070294784580499,4.314285714285714,R
Grant Anderson,23.65988909426987,9.611829944547136,0.22627715355805242,0.34987827715355807,0.2920517560073937,0.11645101663585952,0.038817005545286505,0.005545286506469501,0.029574861367837338,4.519230769230769,R
Grant Holman,16.50485436893204,8.737864077669903,0.0,0.0,0.34951456310679613,0.1941747572815534,0.02912621359223301,0.0,0.02912621359223301,4.681818181818182,R
Grant Holmes,20.83696599825632,10.28770706190061,0.25202116402116403,0.43268253968253967,0.32083696599825634,0.14123801220575413,0.03138622493461203,0.0026155187445510027,0.03400174367916303,19.848484848484848,R
Grant Taylor,32.758620689655174,8.812260536398467,0.199,0.32,0.28544061302681994,0.1475095785440613,0.032567049808429116,0.0019157088122605363,0.013409961685823755,5.7936507936507935,
Grant Wolfram,25.62674094707521,8.635097493036211,0.231,0.353,0.34540389972144847,0.16434540389972144,0.06128133704735376,0.005571030640668524,0.013927576601671309,3.7666666666666666,
Grayson Rodriguez,19.144144144144143,9.684684684684685,0.277,0.471,0.36261261261261263,0.15765765765765766,0.04954954954954955,0.006756756756756757,0.036036036036036036,22.2,R
Greg Weissert,21.70686456400742,7.606679035250464,0.22382739212007507,0.36717260787992495,0.2949907235621521,0.137291280148423,0.04452690166975881,0.0,0.025974025974025976,4.03125,R
Gregory Soto,26.418439716312058,9.397163120567376,0.21677659574468086,0.31672340425531914,0.32269503546099293,0.13829787234042554,0.040780141843971635,0.0017730496453900709,0.015957446808510637,4.130434782608695,L
Griffin Canning,21.835883171070932,10.570236439499304,0.25254456824512533,0.42038579387186625,0.34075104311543813,0.1627260083449235,0.031988873435326845,0.0027816411682892906,0.030598052851182198,13.033333333333333,R
Griffin Jax,28.975741239892184,7.547169811320755,0.24346495956873318,0.3883113207547169,0.29649595687331537,0.1495956873315364,0.03638814016172507,0.0013477088948787063,0.029649595687331536,13.5,R
Gunnar Hoglund,16.546762589928058,7.913669064748201,0.0,0.0,0.35251798561151076,0.15827338129496402,0.04316546762589928,0.0,0.07194244604316546,23.166666666666668,R
Gus Varland,20.64516129032258,9.67741935483871,0.0,0.0,0.3741935483870968,0.14838709677419354,0.07741935483870968,0.0064516129032258064,0.04516129032258064,4.5588235294117645,R
Hagen Smith,34.84848484848485,14.393939393939394,0.0,0.0,0.24242424242424243,0.06818181818181818,0.022727272727272728,0.0,0.007575757575757576,6.6,R
Hayden Birdsong,22.818791946308725,12.416107382550337,0.227,0.42,0.34563758389261745,0.12416107382550336,0.040268456375838924,0.006711409395973154,0.03355704697986577,14.19047619047619,R
Hayden Juenger,7.407407407407406,9.876543209876543,0.0,0.0,0.4074074074074074,0.20987654320987653,0.07407407407407407,0.012345679012345678,0.0,5.4,R
Hayden Wesneski,19.893899204244033,6.896551724137931,0.247,0.363,0.2838196286472148,0.1273209549071618,0.042440318302387266,0.007957559681697613,0.029177718832891247,22.363636363636363,R
Hector Neris,28.225806451612907,12.903225806451612,0.0,0.0,0.3709677419354839,0.11290322580645161,0.07258064516129033,0.0,0.04838709677419355,3.5428571428571427,R
Hoby Milner,17.659574468085108,6.595744680851064,0.23499999999999996,0.405,0.31063829787234043,0.1595744680851064,0.04893617021276596,0.00425531914893617,0.02127659574468085,4.0227272727272725,L
Hogan Harris,26.020408163265305,12.755102040816329,0.22048809523809523,0.34083503401360543,0.33163265306122447,0.13945578231292516,0.03231292517006803,0.0,0.022108843537414966,4.202702702702703,L
Huascar Brazobán,21.428571428571427,10.526315789473685,0.0,0.0,0.29699248120300753,0.11466165413533834,0.041353383458646614,0.0037593984962406013,0.020676691729323307,4.426229508196721,R
Hunter Barco,16.091954022988507,14.942528735632186,0.0,0.0,0.41379310344827586,0.13793103448275862,0.05747126436781609,0.0,0.04597701149425287,12.428571428571429,R
Hunter Bigge,17.93103448275862,13.103448275862068,0.0,0.0,0.3103448275862069,0.0896551724137931,0.04827586206896552,0.0,0.034482758620689655,4.722222222222222,R
Hunter Brown,27.922624053826745,9.503784693019345,0.21012033898305085,0.32906271186440683,0.28847771236333053,0.13204373423044574,0.02607232968881413,0.0025231286795626582,0.023549201009251473,21.904761904761905,R
Hunter Dobbins,19.917864476386036,8.41889117043121,0.2372053388090349,0.3917577002053388,0.3182751540041068,0.14784394250513347,0.04722792607802875,0.004106776180698152,0.026694045174537988,21.0,R
Hunter Gaddis,24.319419237749546,7.985480943738657,0.23764783427495292,0.384,0.30490018148820325,0.15789473684210525,0.02722323049001815,0.003629764065335753,0.02722323049001815,3.742857142857143,R
Hunter Greene,30.28673835125448,6.630824372759856,0.201,0.372,0.2670250896057348,0.1057347670250896,0.05017921146953405,0.0017921146953405018,0.03942652329749104,24.2,R
Hunter Stratton,17.97752808988764,7.865168539325842,0.0,0.0,0.3707865168539326,0.20224719101123595,0.02247191011235955,0.0,0.033707865168539325,5.933333333333334,R
Hunter Strickland,15.384615384615385,10.989010989010989,0.0,0.0,0.2967032967032967,0.0989010989010989,0.06593406593406594,0.0,0.02197802197802198,4.7894736842105265,R
Hurston Waldrep,24.017467248908297,9.606986899563319,0.251,0.359,0.3056768558951965,0.14847161572052403,0.034934497816593885,0.0,0.013100436681222707,22.9,R
Ian Gibaut,13.761467889908257,7.339449541284404,0.0,0.0,0.3119266055045872,0.1559633027522936,0.05504587155963303,0.0,0.027522935779816515,4.36,R
Ian Hamilton,25.301204819277107,13.25301204819277,0.0,0.0,0.3072289156626506,0.10843373493975904,0.024096385542168676,0.006024096385542169,0.030120481927710843,4.611111111111111,R
Ian Seymour,28.14445828144458,6.8493150684931505,0.22518789407314,0.3923379571248424,0.28144458281444584,0.12204234122042341,0.0361145703611457,0.0062266500622665,0.038605230386052306,11.6875,L
Isaac Mattson,21.657754010695186,9.893048128342246,0.0,0.0,0.3181818181818182,0.13368983957219252,0.058823529411764705,0.0,0.01871657754010695,4.631578947368421,
J.T. Ginn,22.633744855967077,9.053497942386832,0.23535390946502058,0.3784526748971193,0.31790123456790126,0.13271604938271606,0.04218106995884774,0.0020576131687242796,0.03497942386831276,21.48148148148148,R
JP Sears,19.55922865013774,6.473829201101928,0.24099999999999996,0.44600000000000006,0.3181818181818182,0.13774104683195593,0.05371900826446281,0.0013774104683195593,0.049586776859504134,17.875,R
JR Ritchie,20.858895705521473,13.190184049079754,0.246,0.41700000000000004,0.3496932515337423,0.12269938650306748,0.03067484662576687,0.006134969325153374,0.03987730061349693,19.176470588235293,R
JT Brubaker,16.62125340599455,10.354223433242506,0.274,0.427,0.3079019073569482,0.13896457765667575,0.035422343324250684,0.008174386920980926,0.013623978201634877,6.097560975609756,
Jack Dreyer,25.68027210884354,8.503401360544217,0.21194718309859156,0.3460827464788732,0.272108843537415,0.12244897959183673,0.03741496598639456,0.003401360544217687,0.01870748299319728,3.8955223880597014,L
Jack Flaherty,27.101967799642217,9.749552772808586,0.2334707520891365,0.40085236768802235,0.3184257602862254,0.12790697674418605,0.04740608228980322,0.0035778175313059034,0.03130590339892665,19.8,R
Jack Kochanowicz,14.727722772277227,11.633663366336634,0.28087128712871284,0.4573762376237624,0.37995049504950495,0.18564356435643564,0.024752475247524754,0.0037128712871287127,0.034653465346534656,22.76923076923077,R
Jack Leiter,23.076923076923077,10.18981018981019,0.2428021978021978,0.428063936063936,0.3176823176823177,0.13586413586413587,0.03696303696303696,0.001998001998001998,0.03196803196803197,23.666666666666668,R
Jack Perkins,25.213675213675213,9.82905982905983,0.234,0.39,0.3319088319088319,0.13532763532763534,0.039886039886039885,0.002849002849002849,0.038461538461538464,14.621621621621621,R
Jack Ralston,24.675324675324674,11.688311688311687,0.0,0.0,0.3246753246753247,0.09090909090909091,0.025974025974025976,0.012987012987012988,0.06493506493506493,4.8125,R
Jackson Jobe,21.8978102189781,10.46228710462287,0.243,0.438,0.3236009732360097,0.12165450121654502,0.043795620437956206,0.004866180048661801,0.0340632603406326,21.444444444444443,R
Jackson Kent,17.647058823529413,14.705882352941176,0.0,0.0,0.38235294117647056,0.1588235294117647,0.058823529411764705,0.0058823529411764705,0.011764705882352941,21.25,R
Jackson Kowar,21.12676056338028,9.859154929577464,0.0,0.0,0.30985915492957744,0.11267605633802817,0.028169014084507043,0.0,0.056338028169014086,4.733333333333333,R
Jackson Rutledge,19.696969696969695,7.2727272727272725,0.255,0.448,0.3575757575757576,0.1696969696969697,0.04242424242424243,0.0030303030303030303,0.048484848484848485,5.238095238095238,R
Jacob Latz,25.68659127625202,9.693053311793214,0.2206074313408724,0.36741841680129245,0.2649434571890145,0.09693053311793215,0.045234248788368334,0.004846526655896607,0.0210016155088853,4.672413793103448,L
Jacob Lopez,23.68421052631579,10.0,0.21232,0.36204,0.33052631578947367,0.13789473684210526,0.03894736842105263,0.0010526315789473684,0.04,20.40740740740741,L
Jacob Misiorowski,36.02794411177645,7.884231536926148,0.18212806830309497,0.2808356456776948,0.24850299401197604,0.11377245508982035,0.017964071856287425,0.0029940119760479044,0.022954091816367265,22.032258064516128,R
Jacob Waguespack,19.12568306010929,9.836065573770492,0.0,0.0,0.2459016393442623,0.09289617486338798,0.00546448087431694,0.00546448087431694,0.03278688524590164,5.228571428571429,R
Jacob Webb,23.56115107913669,7.913669064748201,0.2350399274047187,0.3856170598911071,0.2823741007194245,0.13848920863309352,0.023381294964028777,0.0,0.03597122302158273,4.188405797101449,R
Jacob deGrom,28.87060583395662,6.207928197456993,0.22499700822737473,0.3825063575168287,0.2610321615557218,0.12715033657442035,0.031413612565445025,0.002243829468960359,0.0344053851907255,21.548387096774192,R
Jaden Hill,22.903225806451612,11.290322580645162,0.0,0.0,0.33548387096774196,0.13548387096774195,0.03870967741935484,0.012903225806451613,0.016129032258064516,3.9347826086956523,R
Jake Bennett,20.0,4.615384615384615,0.23400000000000004,0.382,0.2813186813186813,0.16483516483516483,0.03736263736263736,0.0,0.026373626373626374,22.75,R
Jake Bird,25.476190476190474,9.047619047619047,0.235,0.373,0.3523809523809524,0.1595238095238095,0.05,0.002380952380952381,0.030952380952380953,3.909090909090909,R
Jake Eder,19.230769230769234,11.538461538461538,0.0,0.0,0.32051282051282054,0.11538461538461539,0.038461538461538464,0.0,0.038461538461538464,9.75,R
Jake Irvin,18.615751789976134,8.750994431185362,0.26514797136038193,0.4870525059665871,0.3349244232299125,0.1424025457438345,0.04455051710421639,0.002386634844868735,0.046141607000795545,21.363636363636363,R
Jake Woodford,15.789473684210526,6.907894736842105,0.0,0.0,0.3684210526315789,0.20723684210526316,0.046052631578947366,0.009868421052631578,0.02631578947368421,7.052631578947368,R
Jakob Junis,18.09338521400778,7.198443579766537,0.26383070866141733,0.39955118110236226,0.3132295719844358,0.16536964980544747,0.03696498054474708,0.0038910505836575876,0.017509727626459144,4.415094339622642,R
Jalen Beeks,19.767441860465116,8.13953488372093,0.235,0.398,0.29069767441860467,0.12209302325581395,0.046511627906976744,0.0,0.03488372093023256,3.896551724137931,L
Jameson Taillon,19.65255157437568,6.514657980456026,0.24932395950506187,0.46894938132733405,0.28664495114006516,0.12269272529858849,0.03908794788273615,0.002171552660152009,0.05537459283387622,20.555555555555557,R
Janson Junk,17.11340206185567,4.742268041237113,0.2651381443298969,0.42927628865979384,0.3020618556701031,0.16597938144329896,0.05360824742268041,0.003092783505154639,0.023711340206185566,20.115384615384617,R
Jared Jones,29.63855421686747,7.469879518072289,0.209,0.351,0.27228915662650605,0.1108433734939759,0.04578313253012048,0.004819277108433735,0.02891566265060241,19.761904761904763,R
Jared Koenig,25.510204081632654,7.482993197278912,0.198,0.324,0.29591836734693877,0.14285714285714285,0.03741496598639456,0.003401360544217687,0.023809523809523808,3.769230769230769,R
Jared Shuster,14.634146341463415,6.097560975609756,0.0,0.0,0.4146341463414634,0.23170731707317074,0.0975609756097561,0.0,0.0,6.833333333333333,R
Jason Adam,21.80094786729858,8.76777251184834,0.196,0.309,0.2938388625592417,0.14691943127962084,0.023696682464454975,0.0,0.02132701421800948,3.707317073170732,R
Jason Alexander,18.80952380952381,8.095238095238095,0.27,0.44300000000000006,0.33095238095238094,0.14285714285714285,0.04047619047619048,0.011904761904761904,0.04523809523809524,21.0,R
Jason Foley,12.82051282051282,9.401709401709402,0.0,0.0,0.3333333333333333,0.15384615384615385,0.05982905982905983,0.008547008547008548,0.017094017094017096,4.875,R
Javier Assad,16.23134328358209,7.462686567164179,0.261,0.42100000000000004,0.3041044776119403,0.15298507462686567,0.022388059701492536,0.005597014925373134,0.03544776119402985,13.206896551724139,R
Jayden Murray,17.72151898734177,11.39240506329114,0.0,0.0,0.43037974683544306,0.189873417721519,0.08860759493670886,0.0,0.0379746835443038,7.9,R
Jeff Hoffman,32.535885167464116,9.728867623604465,0.199,0.3570639032815199,0.30462519936204147,0.10526315789473684,0.046251993620414676,0.003189792663476874,0.03189792663476874,4.112676056338028,R
Jeffrey Springs,18.615040953090098,8.265078183172003,0.2508763961280715,0.4399128816083395,0.31571109456440805,0.13104988830975428,0.044676098287416234,0.004467609828741624,0.04690990320178704,21.724137931034484,L
Jefry Yan,27.083333333333332,15.625,0.0,0.0,0.375,0.16666666666666666,0.010416666666666666,0.0,0.03125,5.333333333333333,R
Jeremiah Estrada,33.56009070294784,10.204081632653061,0.182,0.325,0.29024943310657597,0.12018140589569161,0.027210884353741496,0.0022675736961451248,0.03174603174603175,3.8181818181818183,R
Jesús Luzardo,29.323797139141742,7.217165149544863,0.0,0.0,0.288036410923277,0.14304291287386217,0.04161248374512354,0.0006501950585175553,0.020156046814044214,24.225806451612904,R
Jesús Tinoco,12.5,10.0,0.0,0.0,0.3125,0.1375,0.05,0.0125,0.0125,4.0,R
Jesse Scholtens,17.703349282296653,7.177033492822966,0.274,0.4680000000000001,0.32057416267942584,0.12440191387559808,0.04784688995215311,0.004784688995215311,0.05741626794258373,17.416666666666668,R
Jhoan Duran,31.57894736842105,5.9891107078039925,0.19907265774378585,0.2793040152963671,0.27404718693284935,0.16333938294010888,0.023593466424682397,0.0018148820326678765,0.010889292196007259,3.9365079365079363,R
Jimmy Herget,21.91780821917808,8.904109589041095,0.22511643835616438,0.3771609589041096,0.3253424657534247,0.14383561643835616,0.04452054794520548,0.003424657534246575,0.0273972602739726,4.647058823529412,R
JoJo Romero,22.50996015936255,9.56175298804781,0.2373793103448276,0.3792068965517242,0.3047808764940239,0.14143426294820718,0.03386454183266932,0.00199203187250996,0.0199203187250996,4.333333333333333,L
Joe Boyle,25.732899022801302,12.052117263843648,0.218,0.378,0.3127035830618892,0.10097719869706841,0.05863192182410423,0.0,0.02280130293159609,20.25,R
Joe Mantiply,19.81981981981982,4.504504504504505,0.0,0.0,0.2972972972972973,0.17117117117117117,0.04504504504504504,0.0,0.02702702702702703,4.44,L
Joe Ross,17.105263157894736,7.894736842105263,0.286,0.52,0.34210526315789475,0.13596491228070176,0.07456140350877193,0.0043859649122807015,0.03508771929824561,6.162162162162162,R
Joe Ryan,27.091327705295473,5.372217958557177,0.21795318495778976,0.39558633921719116,0.283960092095165,0.12586339217191098,0.047582501918649274,0.0015349194167306216,0.03607060629316961,22.74074074074074,R
Joel Kuhnel,13.861386138613863,8.91089108910891,0.0,0.0,0.35148514851485146,0.16336633663366337,0.04455445544554455,0.0,0.034653465346534656,4.488888888888889,R
Joel Payamps,20.512820512820515,7.6923076923076925,0.0,0.0,0.358974358974359,0.11965811965811966,0.07692307692307693,0.03418803418803419,0.03418803418803419,3.9,R
Joel Peguero,19.767441860465116,9.30232558139535,0.0,0.0,0.26744186046511625,0.11627906976744186,0.03488372093023256,0.0,0.023255813953488372,5.0588235294117645,R
Joey Cantillo,25.659690627843496,11.373976342129207,0.22673713235294118,0.3636856617647059,0.32393084622383983,0.1337579617834395,0.04367606915377616,0.0018198362147406734,0.025477707006369428,20.818181818181817,L
Joey Lucchesi,18.787878787878785,7.2727272727272725,0.0,0.0,0.296969696969697,0.13333333333333333,0.048484848484848485,0.006060606060606061,0.024242424242424242,4.342105263157895,R
Joey Wentz,20.81447963800905,9.728506787330316,0.257,0.42,0.34841628959276016,0.18099547511312217,0.033936651583710405,0.00904977375565611,0.024886877828054297,11.333333333333334,R
Johan Oviedo,24.705882352941178,13.529411764705882,0.0,0.0,0.3058823529411765,0.09411764705882353,0.023529411764705882,0.0,0.03529411764705882,18.88888888888889,R
John Brebbia,22.608695652173914,10.434782608695652,0.0,0.0,0.3826086956521739,0.1391304347826087,0.06086956521739131,0.0,0.043478260869565216,5.2272727272727275,R
John Curtiss,17.02127659574468,3.546099290780142,0.0,0.0,0.24113475177304963,0.11347517730496454,0.05673758865248227,0.0,0.03546099290780142,4.7,R
John King,14.558472553699284,7.398568019093079,0.29,0.441,0.31742243436754175,0.15990453460620524,0.03579952267303102,0.0023866348448687348,0.03579952267303103,3.94,L
John Schreiber,20.11605415860735,8.704061895551257,0.245,0.4015577299412916,0.29593810444874274,0.12572533849129594,0.0425531914893617,0.0038684719535783366,0.03288201160541586,3.7058823529411766,R
Jonah Tong,25.339366515837103,10.407239819004525,0.0,0.0,0.33031674208144796,0.1583710407239819,0.03167420814479638,0.004524886877828055,0.02262443438914027,19.142857142857142,R
Jonathan Bowlan,28.743961352657006,7.729468599033816,0.193,0.323,0.28502415458937197,0.12560386473429952,0.03140096618357488,0.0024154589371980675,0.036231884057971016,3.9,R
Jonathan Cannon,18.4549356223176,8.15450643776824,0.27,0.485,0.34334763948497854,0.1459227467811159,0.0536480686695279,0.008583690987124463,0.0407725321888412,21.181818181818183,R
Jonathan Hernández,20.18348623853211,11.926605504587156,0.0,0.0,0.3119266055045872,0.11926605504587157,0.03669724770642202,0.0,0.03669724770642202,6.8125,R
Jonathan Loaisiga,18.434343434343436,5.808080808080807,0.237,0.335,0.29545454545454547,0.15151515151515152,0.047979797979797977,0.0025252525252525255,0.025252525252525252,3.8955223880597014,R
Jonathan Pintaro,23.076923076923077,12.307692307692308,0.0,0.0,0.34615384615384615,0.13076923076923078,0.03076923076923077,0.0,0.038461538461538464,5.909090909090909,R
Jordan Hicks,23.572744014732965,12.154696132596687,0.2362490566037736,0.32720377358490566,0.36095764272559855,0.15469613259668508,0.04419889502762431,0.0055248618784530384,0.01841620626151013,4.089285714285714,R
Jordan Leasure,28.530259365994237,10.951008645533141,0.19,0.348,0.2968299711815562,0.08357348703170028,0.04610951008645533,0.002881844380403458,0.05187319884726225,4.333333333333333,R
Jordan Montgomery,19.230769230769234,5.769230769230769,0.0,0.0,0.25961538461538464,0.1346153846153846,0.028846153846153848,0.0,0.028846153846153848,8.0,R
Jordan Romano,25.294117647058822,10.588235294117647,0.0,0.0,0.3352941176470588,0.1323529411764706,0.03823529411764706,0.0058823529411764705,0.041176470588235294,4.026315789473684,R
Jorge Alcala,23.73540856031128,11.673151750972762,0.236,0.428,0.377431906614786,0.14007782101167315,0.06614785992217899,0.0,0.05058365758754864,4.589285714285714,R
Jorge López,16.037735849056602,6.60377358490566,0.0,0.0,0.330188679245283,0.18867924528301888,0.018867924528301886,0.018867924528301886,0.009433962264150943,4.076923076923077,R
José Alvarado,26.356589147286822,9.819121447028424,0.0,0.0,0.35917312661498707,0.17829457364341086,0.028423772609819122,0.007751937984496125,0.023255813953488372,4.014705882352941,R
José Berríos,19.770773638968482,8.022922636103152,0.0,0.0,0.3194842406876791,0.14613180515759314,0.04297994269340974,0.0028653295128939827,0.03724928366762178,22.516129032258064,R
José Buttó,20.422535211267608,11.267605633802818,0.0,0.0,0.3380281690140845,0.14084507042253522,0.056338028169014086,0.007042253521126761,0.014084507042253521,5.163636363636364,R
José Castillo,20.13422818791946,9.395973154362416,0.0,0.0,0.38926174496644295,0.19463087248322147,0.04697986577181208,0.0,0.026845637583892617,5.137931034482759,R
José Fermin,25.897435897435898,12.307692307692308,0.0,0.0,0.32564102564102565,0.11794871794871795,0.03333333333333333,0.002564102564102564,0.035897435897435895,4.490566037735849,R
José Ruiz,18.9873417721519,11.39240506329114,0.0,0.0,0.4050632911392405,0.16455696202531644,0.08860759493670886,0.0,0.0379746835443038,4.388888888888889,R
José Soriano,21.85159972770592,10.279101429543907,0.0,0.0,0.32539142273655547,0.1592920353982301,0.03267528931245745,0.0006807351940095302,0.02042205582028591,23.28125,R
José Suarez,21.508379888268156,10.335195530726256,0.0,0.0,0.3547486033519553,0.164804469273743,0.05865921787709497,0.0,0.019553072625698324,6.155555555555556,R
José Ureña,13.877551020408163,9.387755102040817,0.0,0.0,0.33877551020408164,0.1346938775510204,0.061224489795918366,0.004081632653061225,0.0326530612244898,12.894736842105264,R
José Urquidy,18.29268292682927,4.2682926829268295,0.0,0.0,0.34146341463414637,0.1951219512195122,0.06707317073170732,0.0,0.024390243902439025,12.615384615384615,R
Jose A. Ferrer,20.193861066235865,5.815831987075929,0.252,0.3687269789983845,0.33279483037156704,0.19224555735056542,0.03715670436187399,0.0032310177705977385,0.01938610662358643,4.041095890410959,L
Jose Cabrera,15.503875968992247,8.527131782945736,0.0,0.0,0.35658914728682173,0.16279069767441862,0.03875968992248062,0.0,0.046511627906976744,16.125,R
Jose Cuas,23.14814814814815,13.88888888888889,0.0,0.0,0.37962962962962965,0.19444444444444445,0.046296296296296294,0.0,0.0,4.5,R
Jose Franco,16.129032258064516,17.20430107526882,0.0,0.0,0.3763440860215054,0.10752688172043011,0.053763440860215055,0.010752688172043012,0.03225806451612903,9.3,
Jose Quintana,14.754098360655737,9.079445145018916,0.27176041666666667,0.46779687500000006,0.3253467843631778,0.15258511979823455,0.03530895334174023,0.0025220680958385876,0.03656998738965952,19.272727272727273,L
Josh Ekness,17.91044776119403,14.925373134328357,0.0,0.0,0.3358208955223881,0.13432835820895522,0.022388059701492536,0.0,0.014925373134328358,4.466666666666667,R
Josh Hader,34.72584856396867,8.093994778067884,0.148,0.271,0.2193211488250653,0.0731070496083551,0.03655352480417755,0.0,0.02349869451697128,3.765957446808511,R
Josh Simpson,23.841059602649008,14.56953642384106,0.0,0.0,0.39072847682119205,0.152317880794702,0.033112582781456956,0.006622516556291391,0.033112582781456956,4.870967741935484,R
Josh Walker,23.015873015873016,9.523809523809524,0.0,0.0,0.29365079365079366,0.14285714285714285,0.031746031746031744,0.0,0.015873015873015872,4.064516129032258,R
Jovani Morán,26.838235294117645,12.132352941176471,0.0,0.0,0.28308823529411764,0.09191176470588236,0.025735294117647058,0.003676470588235294,0.03308823529411765,5.44,R
Juan Mejia,22.945205479452056,11.130136986301371,0.23384417808219177,0.34511815068493146,0.3493150684931507,0.1558219178082192,0.0410958904109589,0.005136986301369863,0.02054794520547945,4.969230769230769,
Juan Morillo,26.442307692307686,10.336538461538462,0.179,0.258,0.3173076923076923,0.14182692307692307,0.038461538461538464,0.007211538461538462,0.01201923076923077,3.7714285714285714,
Julian Garcia,22.905027932960895,10.614525139664805,0.0,0.0,0.2737430167597765,0.0893854748603352,0.0335195530726257,0.0,0.03910614525139665,5.424242424242424,R
Julian Merryweather,17.045454545454543,12.5,0.0,0.0,0.38636363636363635,0.17045454545454544,0.056818181818181816,0.011363636363636364,0.022727272727272728,4.190476190476191,R
Justin Bruihl,15.31791907514451,8.092485549132949,0.258,0.382,0.33236994219653176,0.1531791907514451,0.05202312138728324,0.0,0.011560693641618497,4.739726027397261,L
Justin Hagenman,23.232323232323232,2.0202020202020203,0.0,0.0,0.2727272727272727,0.15151515151515152,0.050505050505050504,0.0,0.04040404040404041,11.0,R
Justin Lawrence,26.829268292682926,14.634146341463417,0.0,0.0,0.37398373983739835,0.0975609756097561,0.056910569105691054,0.0040650406504065045,0.036585365853658534,4.783783783783784,R
Justin Martinez,32.83582089552239,17.91044776119403,0.0,0.0,0.3283582089552239,0.05970149253731343,0.029850746268656716,0.0,0.014925373134328358,3.9411764705882355,R
Justin Slaten,22.968197879858657,6.713780918727915,0.0,0.0,0.29328621908127206,0.16607773851590105,0.03180212014134275,0.0,0.024734982332155476,3.8055555555555554,R
Justin Steele,22.82608695652174,5.434782608695652,0.0,0.0,0.29347826086956524,0.13043478260869565,0.043478260869565216,0.0,0.05434782608695652,23.0,R
Justin Sterner,24.444444444444443,7.555555555555555,0.203,0.366,0.29777777777777775,0.1288888888888889,0.03111111111111111,0.0,0.04666666666666667,4.0,R
Justin Topa,17.02127659574468,7.9787234042553195,0.281,0.4,0.35904255319148937,0.19148936170212766,0.05585106382978723,0.0,0.015957446808510637,4.32,
Justin Verlander,20.694864048338367,7.854984894259819,0.252,0.419,0.3217522658610272,0.14652567975830816,0.061933534743202415,0.0015105740181268882,0.02416918429003021,22.82758620689655,R
Justin Wilson,26.88679245283019,9.433962264150944,0.236,0.36299999999999993,0.330188679245283,0.1650943396226415,0.04716981132075472,0.0,0.014150943396226415,3.4193548387096775,R
Justin Wrobleski,22.779043280182233,5.466970387243736,0.2594941724941725,0.41424009324009325,0.29043280182232345,0.15261958997722094,0.04214123006833713,0.0,0.030751708428246014,20.642857142857142,L
Kade Anderson,21.91780821917808,6.164383561643835,0.0,0.0,0.3013698630136986,0.1780821917808219,0.02054794520547945,0.0136986301369863,0.0273972602739726,20.857142857142858,R
Kade Morris,11.235955056179774,7.865168539325842,0.0,0.0,0.449438202247191,0.23595505617977527,0.033707865168539325,0.011235955056179775,0.056179775280898875,14.833333333333334,R
Kade Strowd,22.857142857142858,12.380952380952381,0.0,0.0,0.2857142857142857,0.13333333333333333,0.009523809523809525,0.0,0.009523809523809525,4.2,R
Kai-Wei Teng,23.931623931623932,10.683760683760683,0.24900000000000003,0.40399999999999997,0.358974358974359,0.1388888888888889,0.0405982905982906,0.004273504273504274,0.02564102564102564,10.966666666666667,R
Kaleb Ort,25.257731958762886,13.917525773195877,0.0,0.0,0.31958762886597936,0.10824742268041238,0.030927835051546393,0.0,0.041237113402061855,3.9591836734693877,R
Keaton Winn,18.75,9.659090909090908,0.0,0.0,0.3068181818181818,0.13068181818181818,0.03977272727272727,0.005681818181818182,0.017045454545454544,4.0,R
Keegan Akin,19.895287958115183,10.99476439790576,0.238,0.439,0.3298429319371728,0.14659685863874344,0.031413612565445025,0.005235602094240838,0.034031413612565446,4.75,L
Keider Montero,17.50483558994197,6.769825918762089,0.24212524654832346,0.4059358974358975,0.2901353965183752,0.13926499032882012,0.03868471953578337,0.0029013539651837525,0.031914893617021274,19.53125,R
Kendall Graveman,10.975609756097562,14.634146341463415,0.0,0.0,0.43902439024390244,0.13414634146341464,0.10975609756097561,0.012195121951219513,0.024390243902439025,4.315789473684211,R
Kendry Rojas,26.153846153846157,16.923076923076923,0.0,0.0,0.35384615384615387,0.12307692307692308,0.038461538461538464,0.0,0.015384615384615385,10.833333333333334,R
Kenley Jansen,26.08695652173913,10.144927536231885,0.213,0.425,0.2536231884057971,0.09178743961352658,0.016908212560386472,0.0024154589371980675,0.036231884057971016,3.6,R
Kevin Gausman,24.125452352231605,6.513872135102533,0.2439016393442623,0.40847540983606556,0.28226779252110973,0.1399276236429433,0.04101326899879373,0.0030156815440289505,0.030759951749095297,23.181818181818183,R
Kevin Ginkel,25.505050505050505,7.575757575757576,0.227,0.389,0.3055555555555556,0.1414141414141414,0.050505050505050504,0.0025252525252525255,0.027777777777777776,3.7162162162162162,R
Kevin Kelly,21.77777777777778,4.444444444444445,0.251,0.37,0.2733333333333333,0.1422222222222222,0.035555555555555556,0.006666666666666667,0.03777777777777778,3.9295774647887325,R
Khristian Curtis,14.942528735632186,13.793103448275861,0.0,0.0,0.3218390804597701,0.11494252873563218,0.04597701149425287,0.0,0.011494252873563218,14.5,R
Kirby Yates,28.370786516853933,9.550561797752808,0.0,0.0,0.31179775280898875,0.09831460674157304,0.0702247191011236,0.0,0.033707865168539325,3.869565217391304,R
Kodai Senga,24.052287581699346,12.549019607843137,0.2308091503267974,0.3954562091503268,0.3359477124183007,0.1111111111111111,0.0457516339869281,0.01045751633986928,0.03398692810457516,9.129032258064516,R
Kody Funderburk,21.97530864197531,11.11111111111111,0.225,0.328,0.33827160493827163,0.16790123456790124,0.0345679012345679,0.0,0.012345679012345678,3.8275862068965516,L
Kohl Drake,17.894736842105264,7.368421052631578,0.0,0.0,0.3684210526315789,0.11578947368421053,0.07368421052631578,0.010526315789473684,0.05263157894736842,19.0,R
Kolby Allard,15.789473684210526,5.263157894736842,0.241,0.39,0.29699248120300753,0.16917293233082706,0.04887218045112782,0.0037593984962406013,0.018796992481203006,8.06060606060606,R
Konnor Pilkington,27.64227642276423,13.821138211382115,0.0,0.0,0.3333333333333333,0.08130081300813008,0.04065040650406504,0.0,0.056910569105691054,3.84375,R
Kris Bubic,24.362606232294617,9.34844192634561,0.22518518518518515,0.34684330484330483,0.29745042492917845,0.13456090651558072,0.04107648725212465,0.007082152974504249,0.014164305949008499,15.333333333333334,L
Kumar Rocker,20.815450643776824,9.012875536480685,0.25931437768240345,0.43632725321888416,0.33261802575107297,0.14914163090128754,0.04291845493562232,0.008583690987124463,0.033261802575107295,21.5,R
Kyle Backhus,20.095693779904305,6.698564593301436,0.0,0.0,0.3444976076555024,0.1722488038277512,0.0430622009569378,0.009569377990430622,0.028708133971291867,4.476190476190476,R
Kyle Bradish,23.77358490566038,10.062893081761006,0.245,0.403,0.33081761006289306,0.14968553459119496,0.04025157232704402,0.006289308176100629,0.028930817610062894,23.06896551724138,R
Kyle Finnegan,19.84877126654064,10.207939508506616,0.2508897795591183,0.4040941883767535,0.33081285444234404,0.15311909262759923,0.03780718336483932,0.007561436672967864,0.026465028355387523,4.285714285714286,R
Kyle Freeland,17.549167927382754,5.068078668683812,0.28570953101361574,0.4836649016641452,0.340393343419062,0.17397881996974282,0.059757942511346446,0.007564296520423601,0.038577912254160365,23.576923076923077,L
Kyle Harrison,27.080181543116492,7.564296520423601,0.245,0.389,0.32223903177004537,0.14826021180030258,0.046898638426626324,0.0030257186081694403,0.036308623298033284,18.035714285714285,L
Kyle Hart,21.476510067114095,8.724832214765101,0.216,0.36,0.2975391498881432,0.11409395973154363,0.049217002237136466,0.0044742729306487695,0.03131991051454139,5.826086956521739,L
Kyle Hendricks,16.402877697841728,6.18705035971223,0.246,0.40800000000000003,0.30935251798561153,0.14676258992805755,0.053237410071942444,0.004316546762589928,0.03597122302158273,22.419354838709676,R
Kyle Hurt,29.292929292929294,11.616161616161616,0.0,0.0,0.31313131313131315,0.12626262626262627,0.04040404040404041,0.0,0.025252525252525252,4.5,R
Kyle Leahy,22.10636079249218,7.194994786235662,0.26859332638164757,0.43402294056308655,0.3149113660062565,0.16266944734098018,0.05213764337851929,0.0010427528675703858,0.020855057351407715,19.866666666666667,R
Kyle Nicolas,20.35928143712575,10.778443113772456,0.0,0.0,0.32335329341317365,0.1377245508982036,0.041916167664670656,0.005988023952095809,0.017964071856287425,5.387096774193548,R
Lake Bachar,25.68807339449541,10.091743119266056,0.21212538226299696,0.38790214067278284,0.290519877675841,0.11162079510703364,0.02599388379204893,0.0045871559633027525,0.035168195718654434,6.754716981132075,R
Lance McCullers Jr.,23.240938166311302,14.072494669509595,0.24099999999999996,0.428,0.3773987206823028,0.1257995735607676,0.0511727078891258,0.0042643923240938165,0.03624733475479744,19.5,R
Landen Roupp,21.624007060900265,10.59135039717564,0.23872197705207412,0.3708879082082966,0.32391879964695497,0.14563106796116504,0.04324801412180053,0.00264783759929391,0.019417475728155338,22.655172413793103,R
Landon Knack,22.70270270270271,10.27027027027027,0.0,0.0,0.32972972972972975,0.11891891891891893,0.03783783783783784,0.005405405405405406,0.05405405405405406,18.5,R
Logan Allen,18.22985468956407,8.982826948480845,0.246,0.421,0.3381770145310436,0.16380449141347425,0.046235138705416116,0.0,0.02774108322324967,11.571428571428571,R
Logan Evans,16.857142857142858,8.857142857142856,0.271,0.465,0.3342857142857143,0.14857142857142858,0.04285714285714286,0.005714285714285714,0.037142857142857144,21.875,R
Logan Gilbert,28.95125553914328,6.129985228951256,0.2200077821011673,0.3775058365758755,0.276218611521418,0.12112259970457903,0.04283604135893648,0.0022156573116691287,0.03766617429837518,23.4375,R
Logan Henderson,29.878048780487806,6.097560975609756,0.20099999999999998,0.342,0.23373983739837398,0.1016260162601626,0.03048780487804878,0.0020325203252032522,0.034552845528455285,20.68421052631579,R
Logan Webb,23.490813648293962,5.708661417322834,0.2516981627296588,0.3848766404199475,0.30249343832021,0.16666666666666666,0.04265091863517061,0.007217847769028871,0.017716535433070866,24.74074074074074,R
Lou Trivino,17.874396135265698,8.695652173913043,0.0,0.0,0.33816425120772947,0.1642512077294686,0.024154589371980676,0.004830917874396135,0.028985507246376812,4.404255319148936,R
Louis Varland,28.293413173652695,7.18562874251497,0.22658043117744608,0.3308507462686567,0.27694610778443113,0.1407185628742515,0.040419161676646706,0.0014970059880239522,0.017964071856287425,4.323943661971831,R
Lucas Erceg,17.19077568134172,10.482180293501049,0.25038993710691826,0.36696855345911944,0.35429769392033544,0.16352201257861634,0.0440251572327044,0.0020964360587002093,0.018867924528301886,4.384615384615385,R
Lucas Giolito,18.508655126498002,10.51930758988016,0.264,0.464,0.3249001331557923,0.15446071904127828,0.03328894806924101,0.0013315579227696406,0.02796271637816245,19.714285714285715,R
Luinder Avila,19.741100323624593,13.592233009708737,0.251,0.396,0.37216828478964403,0.1488673139158576,0.05501618122977346,0.003236245954692557,0.022653721682847898,14.714285714285714,
Luis Castillo,20.320466132556447,6.919155134741442,0.25606955871353776,0.4352685115931189,0.3160961398397669,0.14930808448652585,0.04734158776402039,0.004369992716678805,0.035688273852876914,20.413793103448278,R
Luis Curvelo,23.809523809523807,11.904761904761903,0.0,0.0,0.32142857142857145,0.09523809523809523,0.07142857142857142,0.0,0.03571428571428571,4.9411764705882355,R
Luis Garcia,17.58957654723127,10.423452768729641,0.262,0.418,0.36156351791530944,0.16286644951140064,0.07166123778501629,0.006514657980456026,0.013029315960912053,4.933333333333334,R
Luis Gastelum,28.94736842105263,7.894736842105263,0.0,0.0,0.3092105263157895,0.125,0.046052631578947366,0.006578947368421052,0.039473684210526314,4.470588235294118,R
Luis Gil,15.789473684210526,13.421052631578947,0.255,0.42,0.3368421052631579,0.11052631578947368,0.04473684210526316,0.0,0.034210526315789476,13.777777777777779,R
Luis Guerrero,13.88888888888889,19.444444444444446,0.0,0.0,0.3194444444444444,0.08333333333333333,0.041666666666666664,0.0,0.0,5.538461538461538,R
Luis Medina,29.337539432176655,12.302839116719243,0.217,0.358,0.334384858044164,0.138801261829653,0.03470031545741325,0.0031545741324921135,0.022082018927444796,5.283333333333333,R
Luis Mey,27.203065134099617,14.942528735632184,0.0,0.0,0.367816091954023,0.14942528735632185,0.022988505747126436,0.0038314176245210726,0.022988505747126436,5.689655172413793,R
Luis Morales,19.377162629757784,11.07266435986159,0.0,0.0,0.34256055363321797,0.12802768166089964,0.03806228373702422,0.006920415224913495,0.05190311418685121,18.0,
Luis Ortiz,25.130890052356023,10.99476439790576,0.247,0.442,0.3219895287958115,0.14397905759162305,0.031413612565445025,0.002617801047120419,0.031413612565445025,23.875,R
Luis Peralta,15.841584158415841,17.82178217821782,0.0,0.0,0.45544554455445546,0.16831683168316833,0.0297029702970297,0.0,0.0594059405940594,4.590909090909091,R
Luis Severino,19.364754098360656,8.299180327868852,0.256281762295082,0.4082254098360656,0.32991803278688525,0.15471311475409835,0.04610655737704918,0.0020491803278688526,0.025614754098360656,22.583333333333332,R
Luke Jackson,16.883116883116884,12.121212121212121,0.23900000000000002,0.398,0.3246753246753247,0.1471861471861472,0.021645021645021644,0.0,0.021645021645021644,4.277777777777778,R
Luke Murphy,22.47191011235955,12.359550561797754,0.0,0.0,0.3707865168539326,0.16853932584269662,0.02247191011235955,0.02247191011235955,0.02247191011235955,4.045454545454546,R
Luke Weaver,27.021696252465482,7.495069033530572,0.20204399999999997,0.352812,0.26429980276134124,0.11242603550295859,0.03747534516765286,0.0019723865877712033,0.029585798816568046,3.966666666666667,R
Lyon Richardson,17.441860465116278,12.209302325581392,0.0,0.0,0.3488372093023256,0.13953488372093023,0.06395348837209303,0.0,0.011627906976744186,5.0588235294117645,R
MacKenzie Gore,25.104895104895103,9.44055944055944,0.2425745276417075,0.40187893631910426,0.320979020979021,0.14055944055944053,0.04755244755244755,0.002797202797202797,0.02727272727272727,22.058823529411764,L
Manuel Rodríguez,20.66115702479339,4.958677685950414,0.0,0.0,0.2727272727272727,0.17355371900826447,0.024793388429752067,0.0,0.01652892561983471,3.903225806451613,R
Marcus Stroman,14.857142857142858,9.142857142857142,0.0,0.0,0.35428571428571426,0.15428571428571428,0.06285714285714286,0.0,0.03428571428571429,19.444444444444443,R
Mark Leiter Jr.,25.34435261707989,7.7134986225895315,0.235,0.364,0.34710743801652894,0.18457300275482094,0.04132231404958678,0.0027548209366391185,0.01928374655647383,4.0,R
Mark Manfredi,21.333333333333336,12.0,0.0,0.0,0.32,0.14666666666666667,0.013333333333333334,0.02666666666666667,0.013333333333333334,5.357142857142857,R
Martín Pérez,17.718446601941746,10.194174757281553,0.0,0.0,0.30097087378640774,0.12864077669902912,0.032766990291262135,0.007281553398058253,0.024271844660194174,19.866666666666667,R
Mason Adams,25.0,9.67741935483871,0.0,0.0,0.3548387096774194,0.16129032258064516,0.024193548387096774,0.016129032258064516,0.04838709677419355,20.666666666666668,R
Mason Barnett,20.42042042042042,12.312312312312311,0.246,0.431,0.36936936936936937,0.14714714714714713,0.036036036036036036,0.003003003003003003,0.05105105105105105,11.45,R
Mason Black,13.380281690140844,14.084507042253522,0.0,0.0,0.36619718309859156,0.14788732394366197,0.02112676056338028,0.0,0.04225352112676056,8.352941176470589,R
Mason Englert,22.52747252747253,5.4945054945054945,0.0,0.0,0.32142857142857145,0.17307692307692307,0.04120879120879121,0.0,0.046703296703296704,11.933333333333334,R
Mason Fluharty,25.540275049115913,10.805500982318271,0.19619665271966527,0.3263410041841004,0.3005893909626719,0.12770137524557956,0.03143418467583497,0.0019646365422396855,0.025540275049115914,3.1686746987951806,L
Mason Miller,46.40151515151515,10.795454545454545,0.14678656126482215,0.23760869565217393,0.24242424242424243,0.0946969696969697,0.013257575757575758,0.003787878787878788,0.015151515151515152,4.1911764705882355,R
Mason Montgomery,34.496919917864474,10.882956878850102,0.21046201232032855,0.33364065708418894,0.3059548254620123,0.1273100616016427,0.04106776180698152,0.0,0.024640657084188913,3.9714285714285715,L
Matt Bowman,15.789473684210526,5.263157894736841,0.0,0.0,0.34210526315789475,0.14912280701754385,0.08771929824561403,0.0,0.03508771929824561,5.7,R
Matt Brash,27.666666666666668,9.666666666666666,0.0,0.0,0.29,0.12666666666666668,0.03333333333333333,0.0,0.013333333333333334,3.3684210526315788,
Matt Festa,24.324324324324323,7.142857142857143,0.23368349514563105,0.36513009708737865,0.305019305019305,0.14478764478764478,0.0444015444015444,0.0019305019305019305,0.021235521235521235,4.378787878787879,R
Matt Gage,18.631178707224336,11.02661596958175,0.0,0.0,0.3612167300380228,0.16730038022813687,0.045627376425855515,0.0038022813688212928,0.022813688212927757,3.7058823529411766,
Matt Sauer,18.6046511627907,6.2015503875969,0.0,0.0,0.3488372093023256,0.17054263565891473,0.046511627906976744,0.007751937984496124,0.046511627906976744,12.9,R
Matt Strahm,23.943661971830984,7.981220657276995,0.197,0.33,0.29577464788732394,0.11502347417840375,0.04460093896713615,0.004694835680751174,0.04225352112676056,3.926829268292683,L
Matt Svanson,24.71655328798186,9.297052154195011,0.2479387755102041,0.39802040816326534,0.30612244897959184,0.14058956916099774,0.036281179138321996,0.0045351473922902496,0.018140589569160998,5.048780487804878,
Matt Waldron,17.010309278350515,5.670103092783505,0.0,0.0,0.36082474226804123,0.1958762886597938,0.05154639175257732,0.010309278350515464,0.03608247422680412,11.411764705882353,R
Matt Wilkinson,18.181818181818183,4.545454545454546,0.0,0.0,0.24545454545454545,0.10909090909090909,0.03636363636363636,0.00909090909090909,0.045454545454545456,13.75,R
Matthew Boyd,20.23076923076923,6.6923076923076925,0.25008077544426494,0.40850080775444264,0.2969230769230769,0.15,0.036153846153846154,0.0030769230769230765,0.02846153846153846,23.347826086956523,L
Matthew Liberatore,20.87745839636914,7.186081694402421,0.2689409984871407,0.4594114977307111,0.3290468986384266,0.16717095310136157,0.0453857791225416,0.0022692889561270802,0.03555219364599092,21.741935483870968,L
Max Fried,23.53846153846154,6.923076923076923,0.2204032388663968,0.32712955465587046,0.276923076923077,0.14307692307692307,0.03307692307692308,0.006923076923076923,0.015384615384615385,21.714285714285715,L
Max Kranick,14.87603305785124,7.43801652892562,0.0,0.0,0.3305785123966942,0.16115702479338842,0.049586776859504134,0.004132231404958678,0.0371900826446281,5.529411764705882,R
Max Lazar,15.294117647058824,7.0588235294117645,0.0,0.0,0.31176470588235294,0.14705882352941177,0.052941176470588235,0.0,0.041176470588235294,4.722222222222222,R
Max Meyer,25.301204819277107,8.16599732262383,0.2403534136546185,0.4047590361445783,0.3038821954484605,0.13788487282463185,0.038821954484605084,0.002677376171352075,0.030789825970548863,23.1,R
Max Scherzer,20.641025641025642,8.205128205128204,0.2424792243767313,0.44065096952908583,0.3141025641025641,0.1346153846153846,0.04487179487179487,0.0,0.047435897435897434,20.22222222222222,R
McCade Brown,18.253968253968253,13.492063492063492,0.0,0.0,0.4126984126984127,0.14285714285714285,0.047619047619047616,0.0,0.047619047619047616,18.0,R
Merrill Kelly,19.28374655647383,8.1267217630854,0.27036363636363636,0.4693030303030303,0.30785123966942146,0.1384297520661157,0.0440771349862259,0.0048209366391184574,0.03512396694214876,24.275862068965516,R
Michael Kelly,17.46987951807229,11.44578313253012,0.0,0.0,0.3132530120481928,0.12048192771084337,0.04216867469879518,0.0,0.030120481927710843,3.9523809523809526,R
Michael King,22.54901960784314,9.001782531194296,0.23768638497652583,0.4099408450704225,0.2985739750445633,0.13279857397504458,0.029411764705882353,0.0017825311942959,0.0285204991087344,23.142857142857142,R
Michael Lorenzen,17.714285714285715,7.591836734693878,0.28021224489795915,0.4722228571428571,0.35918367346938773,0.17469387755102042,0.05142857142857143,0.00816326530612245,0.03918367346938775,19.34375,R
Michael McGreevy,15.698729582577133,6.170598911070781,0.2797332123411978,0.46846642468239563,0.308529945553539,0.1588021778584392,0.04809437386569873,0.006352087114337568,0.029945553539019964,22.64516129032258,R
Michael Petersen,28.160919540229884,10.344827586206897,0.192,0.356,0.2959770114942529,0.10919540229885058,0.04597701149425287,0.0028735632183908046,0.022988505747126436,4.138461538461539,R
Michael Rucker,26.88172043010752,9.13978494623656,0.0,0.0,0.3118279569892473,0.15053763440860216,0.026881720430107527,0.0,0.03225806451612903,5.027027027027027,R
Michael Soroka,24.305555555555557,6.944444444444445,0.2323169014084507,0.379868544600939,0.2962962962962963,0.12962962962962962,0.041666666666666664,0.004629629629629629,0.02546296296296296,21.5,R
Michael Tonkin,18.446601941747574,7.766990291262135,0.0,0.0,0.32038834951456313,0.11650485436893204,0.04854368932038835,0.0,0.02912621359223301,4.904761904761905,R
Michael Wacha,18.586387434554975,6.479057591623037,0.2490287958115183,0.4141544502617801,0.2905759162303665,0.13612565445026178,0.045157068062827224,0.007853403141361256,0.029450261780104712,25.375,R
Mick Abel,23.220973782771537,9.737827715355806,0.0,0.0,0.35580524344569286,0.1760299625468165,0.0299625468164794,0.00749063670411985,0.0299625468164794,23.25,R
Miguel Ullola,27.77777777777778,6.944444444444445,0.0,0.0,0.20833333333333334,0.041666666666666664,0.027777777777777776,0.0,0.041666666666666664,6.0,R
Mike Burrows,20.848484848484848,7.999999999999999,0.25520363636363635,0.4326909090909091,0.3333333333333333,0.16242424242424242,0.03515151515151515,0.0036363636363636364,0.041212121212121214,23.5,R
Mike Paredes,12.337662337662337,8.441558441558442,0.0,0.0,0.33766233766233766,0.14935064935064934,0.032467532467532464,0.012987012987012988,0.03896103896103896,17.11111111111111,R
Mike Vasil,19.38534278959811,12.293144208037825,0.226,0.367,0.31678486997635935,0.12293144208037825,0.030732860520094562,0.002364066193853428,0.018912529550827423,9.0,R
Miles Mikolas,13.538988860325622,5.141388174807198,0.2782544987146529,0.5094395886889461,0.31790916880891174,0.15081405312767782,0.05998286203941731,0.003427592116538132,0.04798628963153385,19.92,R
Mitch Bratt,15.463917525773196,13.917525773195877,0.0,0.0,0.35051546391752575,0.11855670103092783,0.05670103092783505,0.005154639175257732,0.02577319587628866,19.4,R
Mitch Farris,23.835616438356166,10.95890410958904,0.258,0.43,0.3452054794520548,0.12876712328767123,0.057534246575342465,0.00547945205479452,0.038356164383561646,7.818181818181818,R
Mitch Keller,19.089456869009584,7.4281150159744405,0.2706509584664537,0.44004392971246004,0.31869009584664537,0.14536741214057508,0.052715654952076675,0.003194888178913738,0.02875399361022364,22.863636363636363,R
Mitch Spence,17.599999999999998,6.933333333333332,0.284,0.508,0.336,0.16,0.05333333333333334,0.0,0.042666666666666665,11.71875,R
Mitchell Parker,15.171650055370986,7.862679955703212,0.297,0.507,0.3333333333333333,0.15171650055370986,0.053156146179401995,0.005537098560354375,0.03765227021040975,8.090909090909092,L
Nabil Crismatt,16.33986928104575,5.88235294117647,0.0,0.0,0.32679738562091504,0.1830065359477124,0.026143790849673203,0.013071895424836602,0.0392156862745098,19.125,R
Nate Lavender,32.91139240506329,5.063291139240507,0.0,0.0,0.20253164556962025,0.0759493670886076,0.05063291139240506,0.012658227848101266,0.012658227848101266,3.761904761904762,R
Nate Pearson,20.5,13.0,0.0,0.0,0.345,0.13,0.045,0.0,0.01,4.761904761904762,R
Nathan Eovaldi,24.61677186654644,5.049594229035167,0.238346257889991,0.39382326420198377,0.2750225428313796,0.13435527502254282,0.04147880973850315,0.002705139765554554,0.030658250676284943,22.703703703703702,R
Nestor Cortes,18.471337579617835,12.738853503184714,0.0,0.0,0.36942675159235666,0.12101910828025478,0.025477707006369428,0.0,0.08280254777070063,19.625,R
Nic Enright,23.62204724409449,9.448818897637794,0.0,0.0,0.2992125984251969,0.14173228346456693,0.023622047244094488,0.0,0.023622047244094488,4.703703703703703,R
Nick Davila,10.92436974789916,10.92436974789916,0.0,0.0,0.3445378151260504,0.14285714285714285,0.04201680672268908,0.0,0.01680672268907563,4.958333333333333,R
Nick Frasso,22.22222222222222,7.070707070707069,0.0,0.0,0.3434343434343434,0.15151515151515152,0.0707070707070707,0.0,0.030303030303030304,4.95,R
Nick Lodolo,21.05726872246696,6.784140969162996,0.25715957446808513,0.4299308510638298,0.31894273127753303,0.14273127753303966,0.039647577092511016,0.004405286343612335,0.03700440528634361,23.142857142857142,L
Nick Martinez,15.93484419263456,4.886685552407932,0.26008327402135234,0.4110277580071174,0.29107648725212465,0.14589235127478753,0.056657223796033995,0.002124645892351275,0.031161473087818695,23.29032258064516,R
Nick Mears,20.578778135048232,8.038585209003216,0.259,0.4660000000000001,0.2797427652733119,0.1189710610932476,0.03858520900321544,0.00964630225080386,0.028938906752411574,3.9523809523809526,R
Nick Pivetta,27.302631578947373,6.578947368421052,0.228,0.424,0.25328947368421056,0.12390350877192982,0.027412280701754384,0.0021929824561403508,0.029605263157894735,17.3,R
Nick Sandlin,23.18840579710145,11.594202898550725,0.0,0.0,0.30434782608695654,0.10144927536231885,0.028985507246376812,0.0,0.028985507246376812,3.6315789473684212,R
Noah Cameron,20.89093701996928,7.757296466973886,0.245,0.4075622119815668,0.2903225806451613,0.12980030721966207,0.043010752688172046,0.0038402457757296467,0.029953917050691243,24.06451612903226,L
Noah Murdock,21.428571428571427,20.408163265306122,0.0,0.0,0.4897959183673469,0.1836734693877551,0.08163265306122448,0.0,0.0,7.0,R
Noah Schultz,20.679012345679013,9.5679012345679,0.269,0.45500000000000007,0.3333333333333333,0.13271604938271606,0.037037037037037035,0.006172839506172839,0.033950617283950615,17.05263157894737,L
Nolan Hoffman,17.91044776119403,8.955223880597014,0.0,0.0,0.3880597014925373,0.208955223880597,0.04477611940298507,0.0,0.0,4.466666666666667,R
Nolan McLean,26.844919786096256,9.197860962566844,0.21899999999999997,0.339,0.2962566844919786,0.13262032085561498,0.031016042780748664,0.0,0.022459893048128343,24.096774193548388,R
Orion Kerkering,23.948811700182816,11.517367458866545,0.22097752808988766,0.3399513108614232,0.3290676416819013,0.12979890310786105,0.038391224862888484,0.005484460694698354,0.02010968921389397,4.32258064516129,R
Orlando Ribalta,22.483221476510067,11.74496644295302,0.0,0.0,0.3288590604026846,0.13758389261744966,0.03355704697986577,0.0,0.03691275167785235,3.9555555555555557,R
Osvaldo Bido,17.792792792792792,10.135135135135135,0.253,0.48700000000000004,0.36711711711711714,0.14864864864864866,0.04279279279279279,0.0022522522522522522,0.04954954954954955,7.363636363636363,R
PJ Poulin,19.771863117870723,12.927756653992395,0.0,0.0,0.33079847908745247,0.13307984790874525,0.034220532319391636,0.0,0.022813688212927757,4.371428571428571,
Pablo López,23.397435897435898,6.41025641025641,0.0,0.0,0.28205128205128205,0.14102564102564102,0.041666666666666664,0.003205128205128205,0.019230769230769232,22.285714285714285,R
Parker Messick,25.48387096774194,6.129032258064516,0.22500000000000003,0.34,0.2795698924731182,0.14301075268817204,0.041935483870967745,0.005376344086021506,0.023655913978494623,23.181818181818183,L
Patrick Corbin,18.963831867057674,7.429130009775171,0.2753900293255132,0.44744574780058655,0.3362658846529814,0.1681329423264907,0.05083088954056696,0.0019550342130987292,0.03225806451612903,18.94736842105263,L
Patrick Sandoval,22.741433021806852,9.968847352024921,0.27,0.423,0.37383177570093457,0.19314641744548286,0.0529595015576324,0.0,0.021806853582554516,21.4,R
Paul Blackburn,19.252336448598133,8.598130841121495,0.236,0.352,0.30093457943925234,0.14392523364485982,0.03364485981308411,0.007476635514018692,0.026168224299065422,5.384615384615385,R
Paul Sewald,24.333333333333332,6.333333333333332,0.218,0.46,0.27,0.1,0.03,0.006666666666666667,0.056666666666666664,3.532258064516129,R
Paul Skenes,28.78892733564014,6.29757785467128,0.20889826989619378,0.3352892733564014,0.2698961937716263,0.12179930795847752,0.04913494809688582,0.002768166089965398,0.021453287197231833,22.25,R
Paxton Schultz,22.813688212927758,7.604562737642586,0.0,0.0,0.34980988593155893,0.16730038022813687,0.060836501901140684,0.0038022813688212928,0.034220532319391636,5.666666666666667,R
Payton Tolle,27.83357245337159,7.03012912482066,0.199,0.312,0.2883787661406026,0.12769010043041606,0.05164992826398852,0.0014347202295552368,0.028694404591104734,23.037037037037038,L
Pete Fairbanks,27.166276346604217,9.133489461358314,0.219,0.338,0.28805620608899296,0.11241217798594848,0.03278688524590164,0.00702576112412178,0.0351288056206089,3.9782608695652173,R
Peter Lambert,23.11111111111111,9.037037037037036,0.221,0.36,0.30962962962962964,0.1437037037037037,0.03259259259259259,0.0,0.025185185185185185,22.5,R
Peyton Gray,24.096385542168676,6.827309236947792,0.236,0.375,0.30522088353413657,0.14457831325301204,0.03614457831325301,0.008032128514056224,0.03614457831325301,5.081632653061225,
Peyton Pallette,22.68041237113402,16.49484536082474,0.0,0.0,0.3711340206185567,0.1134020618556701,0.041237113402061855,0.0,0.020618556701030927,6.0625,
Phil Maton,29.166666666666668,10.15625,0.195,0.283,0.3307291666666667,0.13020833333333334,0.041666666666666664,0.005208333333333333,0.020833333333333332,4.387096774193548,
Philip Abner,11.627906976744185,12.790697674418608,0.0,0.0,0.37209302325581395,0.13953488372093023,0.03488372093023256,0.0,0.06976744186046512,6.615384615384615,R
Pierce Johnson,22.494432071269486,8.46325167037862,0.2444476614699332,0.42131625835189307,0.30734966592427615,0.14253897550111358,0.0378619153674833,0.004454342984409799,0.035634743875278395,3.767857142857143,R
Pierson Ohl,20.30075187969925,5.263157894736842,0.0,0.0,0.3383458646616541,0.18045112781954886,0.06015037593984962,0.007518796992481203,0.03759398496240601,9.5,R
Porter Hodge,27.2108843537415,12.244897959183673,0.0,0.0,0.35374149659863946,0.1292517006802721,0.027210884353741496,0.013605442176870748,0.061224489795918366,4.083333333333333,R
Quinn Mathews,21.80094786729858,9.47867298578199,0.246,0.359,0.32701421800947866,0.16587677725118483,0.037914691943127965,0.0,0.023696682464454975,23.444444444444443,R
Quinn Priester,19.82248520710059,8.136094674556213,0.237,0.37,0.3136094674556213,0.14053254437869822,0.051775147928994084,0.0029585798816568047,0.028106508875739646,21.806451612903224,R
Rafael Montero,22.65625,14.84375,0.204,0.327,0.3203125,0.109375,0.04296875,0.0,0.01953125,4.266666666666667,R
Raisel Iglesias,26.88588007736944,6.576402321083172,0.2204466403162055,0.3731660079051383,0.26692456479690524,0.1276595744680851,0.03868471953578337,0.0019342359767891683,0.027079303675048357,3.984126984126984,R
Randy Dobnak,15.264797507788161,8.09968847352025,0.291,0.402,0.3364485981308411,0.1806853582554517,0.037383177570093455,0.003115264797507788,0.021806853582554516,21.4,R
Randy Rodríguez,33.83838383838384,5.555555555555555,0.0,0.0,0.2474747474747475,0.12121212121212122,0.030303030303030304,0.0,0.020202020202020204,3.96,R
Randy Vásquez,14.261019878997407,7.6923076923076925,0.0,0.0,0.317199654278306,0.15557476231633535,0.04235090751944685,0.00432152117545376,0.027657735522904063,18.34375,R
Ranger Suarez,22.99298519095869,6.625097427903351,0.2342375296912114,0.35003087885985745,0.3016367887763055,0.1636788776305534,0.03975058456742011,0.002338269680436477,0.019485580670303974,21.857142857142858,L
Ray Kerr,19.101123595505616,4.49438202247191,0.0,0.0,0.20224719101123595,0.0898876404494382,0.02247191011235955,0.0,0.02247191011235955,8.090909090909092,R
Raymond Burgos,19.51219512195122,1.2195121951219512,0.0,0.0,0.21951219512195122,0.13414634146341464,0.036585365853658534,0.0,0.036585365853658534,9.11111111111111,R
Reed Garrett,26.89075630252101,10.92436974789916,0.227,0.342,0.31092436974789917,0.12605042016806722,0.05042016806722689,0.0,0.02100840336134454,4.103448275862069,R
Reese Olson,22.807017543859647,8.771929824561402,0.24399999999999997,0.391,0.3087719298245614,0.14385964912280702,0.042105263157894736,0.0,0.017543859649122806,21.923076923076923,R
Reid Detmers,28.926441351888666,7.256461232604374,0.22217296222664015,0.3637355864811133,0.2803180914512923,0.13916500994035785,0.03479125248508946,0.0019880715705765406,0.02485089463220676,23.125,L
Reiver Sanmartin,17.20430107526882,7.526881720430108,0.0,0.0,0.3118279569892473,0.15053763440860216,0.043010752688172046,0.010752688172043012,0.03225806451612903,3.875,R
Reynaldo López,21.09826589595376,9.826589595375722,0.0,0.0,0.33236994219653176,0.14739884393063585,0.049132947976878616,0.002890173410404624,0.031791907514450865,13.307692307692308,R
Rhett Lowder,17.081260364842453,9.286898839137644,0.274,0.463,0.3466003316749585,0.15422885572139303,0.05472636815920398,0.004975124378109453,0.029850746268656716,20.79310344827586,R
Richard Fitts,20.51282051282051,8.205128205128204,0.0,0.0,0.31794871794871793,0.15384615384615385,0.010256410256410256,0.0,0.05641025641025641,17.727272727272727,R
Richard Lovelady,18.023255813953487,13.953488372093023,0.0,0.0,0.4011627906976744,0.1569767441860465,0.05232558139534884,0.0,0.029069767441860465,4.526315789473684,L
Rico Garcia,26.044226044226043,7.862407862407863,0.204,0.327,0.26535626535626533,0.11302211302211303,0.03194103194103194,0.002457002457002457,0.0343980343980344,3.533333333333333,
Riley Cornelio,25.0,18.125,0.0,0.0,0.34375,0.11875,0.03125,0.0,0.0125,8.88888888888889,R
Riley O\'Brien,22.94736842105263,10.736842105263158,0.0,0.0,0.32421052631578945,0.13263157894736843,0.031578947368421054,0.002105263157894737,0.014736842105263158,4.181818181818182,R
Rob Zastryzny,21.50537634408602,10.75268817204301,0.0,0.0,0.2903225806451613,0.11827956989247312,0.021505376344086023,0.0,0.03225806451612903,3.576923076923077,R
Robbie Ray,22.22977566281441,10.808973487423522,0.23249073438572412,0.4013816060398078,0.31067301155676413,0.12236573759347383,0.043507817811012914,0.0020394289598912306,0.030591434398368457,22.375,L
Robby Ahlstrom,20.73170731707317,9.146341463414634,0.0,0.0,0.34146341463414637,0.1524390243902439,0.024390243902439025,0.012195121951219513,0.042682926829268296,3.9047619047619047,R
Robert Garcia,23.235294117647054,9.117647058823529,0.235,0.399,0.3029411764705882,0.15294117647058825,0.029411764705882353,0.0,0.026470588235294117,3.55,R
Robert Gasser,22.24622030237581,7.559395248380129,0.249,0.398,0.3023758099352052,0.12095032397408208,0.04967602591792657,0.0021598272138228943,0.032397408207343416,22.047619047619047,R
Robert Stock,19.727891156462583,10.204081632653061,0.0,0.0,0.3877551020408163,0.19727891156462585,0.047619047619047616,0.0,0.013605442176870748,18.375,R
Robert Suarez,25.0,5.288461538461538,0.237,0.402,0.24278846153846154,0.13701923076923078,0.021634615384615384,0.007211538461538462,0.019230769230769232,3.8857142857142857,R
Roki Sasaki,21.525885558583106,10.490463215258856,0.243,0.404,0.3215258855585831,0.10626702997275204,0.05449591280653951,0.004087193460490463,0.03814713896457766,19.62962962962963,R
Ron Marinaccio,18.461538461538463,10.384615384615385,0.26,0.426,0.36538461538461536,0.1423076923076923,0.04230769230769231,0.007692307692307693,0.04230769230769231,6.341463414634147,R
Ronel Blanco,22.514619883040936,10.526315789473685,0.0,0.0,0.30409356725146197,0.1111111111111111,0.03508771929824561,0.0029239766081871343,0.04678362573099415,17.875,R
Ronny Henriquez,32.34323432343234,8.91089108910891,0.182,0.349,0.27722772277227725,0.10891089108910891,0.039603960396039604,0.0,0.026402640264026403,4.391304347826087,R
Ryan Bergert,22.60061919504644,10.8359133126935,0.238,0.4099999999999999,0.30030959752321984,0.12074303405572756,0.04024767801857585,0.0030959752321981426,0.02476780185758514,17.0,R
Ryan Borucki,18.87550200803213,10.040160642570282,0.0,0.0,0.3373493975903614,0.13253012048192772,0.0642570281124498,0.0,0.028112449799196786,4.9523809523809526,L
Ryan Brasier,19.047619047619047,4.761904761904762,0.0,0.0,0.3047619047619048,0.17142857142857143,0.06666666666666667,0.0,0.01904761904761905,3.75,R
Ryan Feltner,17.1303074670571,9.51683748169839,0.254,0.45,0.3411420204978038,0.1390922401171303,0.0629575402635432,0.005856515373352855,0.03513909224011713,21.076923076923077,R
Ryan Fernandez,25.833333333333332,11.25,0.0,0.0,0.3458333333333333,0.1375,0.04583333333333333,0.0125,0.03333333333333333,5.882352941176471,R
Ryan Gusto,20.236686390532544,7.57396449704142,0.2648449704142012,0.4428248520710059,0.33964497041420116,0.1680473372781065,0.046153846153846156,0.004733727810650888,0.033136094674556214,17.043478260869566,R
Ryan Helsley,26.25,10.625,0.24199999999999997,0.395,0.340625,0.153125,0.04375,0.0,0.034375,4.0,R
Ryan Johnson,18.07780320366133,9.839816933638444,0.252,0.434,0.3318077803203661,0.15102974828375287,0.02517162471395881,0.002288329519450801,0.041189931350114416,19.863636363636363,R
Ryan Pepiot,24.59499263622975,8.98379970544919,0.225,0.4,0.2960235640648012,0.11487481590574374,0.039764359351988215,0.004418262150220913,0.03829160530191458,21.903225806451612,R
Ryan Pressly,15.384615384615385,9.340659340659341,0.0,0.0,0.35714285714285715,0.17582417582417584,0.04395604395604396,0.0,0.03296703296703297,4.136363636363637,R
Ryan Rolison,18.101545253863133,10.596026490066226,0.238,0.376,0.3465783664459161,0.16335540838852097,0.037527593818984545,0.002207505518763797,0.037527593818984545,4.262295081967213,
Ryan Thompson,18.005540166204987,7.202216066481994,0.0,0.0,0.34349030470914127,0.18282548476454294,0.055401662049861494,0.0,0.019390581717451522,4.043478260869565,R
Ryan Walker,19.71496437054632,8.788598574821853,0.251,0.367,0.34679334916864607,0.171021377672209,0.03800475059382423,0.007125890736342043,0.021377672209026127,4.696969696969697,R
Ryan Watson,21.172638436482085,7.49185667752443,0.263,0.432,0.30618892508143325,0.14332247557003258,0.04560260586319218,0.006514657980456026,0.026058631921824105,5.7924528301886795,
Ryan Weathers,24.324324324324323,6.891891891891892,0.255,0.424,0.3,0.1554054054054054,0.033783783783783786,0.002702702702702703,0.033783783783783786,21.25925925925926,L
Ryan Weiss,22.900763358778626,15.267175572519085,0.0,0.0,0.4198473282442748,0.183206106870229,0.015267175572519083,0.007633587786259542,0.061068702290076333,14.555555555555555,
Ryan Yarbrough,19.548872180451127,7.894736842105263,0.2444135338345865,0.37313533834586465,0.3007518796992481,0.14097744360902256,0.03195488721804511,0.007518796992481203,0.03007518796992481,7.052631578947368,L
Ryan Zeferjahn,29.80599647266314,13.403880070546737,0.19902862254025044,0.33732915921288015,0.3315696649029982,0.10934744268077601,0.029982363315696647,0.001763668430335097,0.03350970017636684,4.696969696969697,R
Ryne Nelson,19.939577039274923,6.545820745216516,0.2514028197381672,0.44301409869083586,0.28600201409869086,0.12386706948640483,0.041289023162134945,0.011077542799597181,0.035246727089627394,19.68421052631579,R
Ryne Stanek,23.563218390804597,12.260536398467433,0.2319080459770115,0.3925862068965517,0.3333333333333333,0.13984674329501914,0.032567049808429116,0.0038314176245210726,0.03065134099616858,3.8142857142857145,R
Sam Aldegheri,14.56953642384106,11.258278145695364,0.0,0.0,0.32450331125827814,0.1390728476821192,0.026490066225165563,0.006622516556291391,0.033112582781456956,16.77777777777778,R
Sam Bachman,21.543408360128616,12.540192926045016,0.221,0.337,0.3440514469453376,0.1382636655948553,0.03858520900321544,0.0,0.02572347266881029,4.931818181818182,
Sam Hentges,23.69942196531792,14.45086705202312,0.0,0.0,0.3699421965317919,0.16184971098265896,0.04046242774566474,0.0,0.0,3.8444444444444446,R
Sam Long,17.46031746031746,11.640211640211641,0.0,0.0,0.38095238095238093,0.1746031746031746,0.042328042328042326,0.0,0.037037037037037035,4.846153846153846,R
Sam Moll,23.076923076923077,11.834319526627219,0.238,0.359,0.3431952662721893,0.13609467455621302,0.038461538461538464,0.005917159763313609,0.026627218934911243,3.953846153846154,L
Sammy Peralta,20.535714285714285,8.035714285714286,0.0,0.0,0.41964285714285715,0.21428571428571427,0.05357142857142857,0.0,0.03571428571428571,7.0,R
Samy Natera,36.6412213740458,9.923664122137405,0.0,0.0,0.2824427480916031,0.11450381679389313,0.04580152671755725,0.0,0.007633587786259542,4.678571428571429,R
Sandy Alcantara,17.998779743746187,7.077486272117144,0.25545454545454543,0.4032727272727272,0.3068944478340451,0.14887126296522268,0.04636973764490543,0.0018303843807199512,0.028065893837705917,24.833333333333332,R
Sawyer Gipson-Long,19.548872180451127,4.511278195488721,0.0,0.0,0.3157894736842105,0.12781954887218044,0.06766917293233082,0.0,0.06015037593984962,16.625,R
Scott Alexander,9.876543209876543,11.11111111111111,0.0,0.0,0.4074074074074074,0.1111111111111111,0.1111111111111111,0.0,0.06172839506172839,3.857142857142857,R
Scott Barlow,23.47826086956522,13.91304347826087,0.227,0.365,0.33260869565217394,0.09782608695652174,0.03260869565217391,0.002173913043478261,0.03260869565217391,4.222222222222222,R
Scott Blewett,19.491525423728813,8.192090395480227,0.0,0.0,0.3248587570621469,0.16666666666666666,0.03389830508474576,0.002824858757062147,0.03672316384180791,6.153846153846154,R
Scott McGough,21.333333333333336,9.333333333333334,0.0,0.0,0.3466666666666667,0.10666666666666667,0.08,0.0,0.05333333333333334,5.769230769230769,R
Sean Burke,24.665676077265974,9.36106983655275,0.2361768292682927,0.4111585365853659,0.312778603268945,0.12332838038632987,0.0475482912332838,0.003714710252600297,0.033432392273402674,22.058823529411764,R
Sean Hjelle,15.068493150684931,12.32876712328767,0.0,0.0,0.410958904109589,0.1780821917808219,0.0821917808219178,0.0,0.0273972602739726,6.083333333333333,R
Sean Manaea,23.90829694323144,6.11353711790393,0.24855458515283846,0.43554475982532753,0.31986899563318777,0.1331877729257642,0.04912663755458515,0.009825327510917031,0.04148471615720524,19.78787878787879,L
Sean Newcomb,22.90862290862291,8.494208494208495,0.2519501965923984,0.37546264744429886,0.3204633204633205,0.16473616473616473,0.03474903474903475,0.006435006435006435,0.01287001287001287,6.225806451612903,L
Sean Reynolds,21.367521367521366,14.529914529914532,0.0,0.0,0.3418803418803419,0.10256410256410256,0.03418803418803419,0.0,0.03418803418803419,6.157894736842105,R
Sean Sullivan,14.035087719298245,9.649122807017541,0.0,0.0,0.42105263157894735,0.11403508771929824,0.12280701754385964,0.017543859649122806,0.043859649122807015,22.8,R
Seranthony Domínguez,26.970227670753065,13.660245183887916,0.0,0.0,0.3134851138353765,0.1138353765323993,0.02276707530647986,0.0017513134851138354,0.028021015761821366,3.8805970149253732,R
Seth Halvorsen,18.78980891719745,12.101910828025478,0.0,0.0,0.3630573248407643,0.13694267515923567,0.050955414012738856,0.006369426751592357,0.041401273885350316,4.40625,R
Seth Johnson,25.31645569620253,12.658227848101266,0.0,0.0,0.37341772151898733,0.13291139240506328,0.06962025316455696,0.0,0.03164556962025317,5.642857142857143,R
Seth Lugo,19.016152716593247,8.002936857562409,0.26702790014684286,0.46511233480176206,0.3355359765051395,0.1527165932452276,0.05066079295154185,0.004405286343612335,0.03671071953010279,23.46875,R
Shane Baz,22.2972972972973,8.58108108108108,0.24250945945945945,0.39275472972972975,0.3236486486486487,0.14527027027027026,0.052702702702702706,0.002027027027027027,0.027702702702702704,24.806451612903224,R
Shane Bieber,20.454545454545453,7.644628099173554,0.282,0.5,0.30578512396694213,0.14256198347107438,0.04132231404958678,0.0,0.04338842975206612,22.0,R
Shane Drohan,23.674242424242426,8.333333333333332,0.231,0.375,0.32196969696969696,0.14772727272727273,0.05113636363636364,0.003787878787878788,0.026515151515151516,16.0,
Shane McClanahan,21.765913757700204,8.008213552361395,0.245,0.413,0.2792607802874743,0.13141683778234087,0.03696098562628337,0.002053388090349076,0.02053388090349076,20.291666666666668,L
Shane Smith,23.53896103896104,9.415584415584416,0.22899999999999998,0.383,0.30357142857142855,0.12012987012987013,0.037337662337662336,0.00487012987012987,0.027597402597402596,21.24137931034483,R
Shaun Anderson,18.27956989247312,10.75268817204301,0.0,0.0,0.3870967741935484,0.21505376344086022,0.010752688172043012,0.0,0.043010752688172046,7.75,R
Shawn Armstrong,24.660633484162894,8.823529411764707,0.202,0.338,0.2647058823529412,0.10180995475113122,0.03167420814479638,0.004524886877828055,0.020361990950226245,3.761904761904762,R
Shawn Dubin,19.310344827586206,7.586206896551724,0.0,0.0,0.3448275862068966,0.1724137931034483,0.041379310344827586,0.0,0.041379310344827586,4.833333333333333,R
Shelby Miller,29.032258064516135,8.064516129032258,0.0,0.0,0.27956989247311825,0.12365591397849462,0.026881720430107527,0.0,0.026881720430107527,3.875,R
Shinnosuke Ogasawara,17.341040462427745,9.826589595375722,0.0,0.0,0.36416184971098264,0.15028901734104047,0.046242774566473986,0.0,0.05202312138728324,7.521739130434782,R
Shohei Ohtani,30.27823240589198,6.873977086743044,0.201,0.287,0.2618657937806874,0.1309328968903437,0.03436988543371522,0.0016366612111292963,0.014729950900163666,24.285714285714285,R
Shota Imanaga,22.79355333844973,4.98848810437452,0.23410919088766693,0.43627886881382566,0.2701458173445894,0.12586339217191098,0.03300076745970836,0.0023023791250959325,0.052954719877206444,22.0625,L
Simeon Woods Richardson,18.992248062015506,10.723514211886307,0.2398372093023256,0.42744573643410855,0.3397932816537468,0.1434108527131783,0.04521963824289406,0.0012919896640826874,0.03617571059431524,15.15,R
Slade Cecconi,19.48291782086796,6.648199445983379,0.26699999999999996,0.46833271202236715,0.31301939058171746,0.1505078485687904,0.048938134810710986,0.0018467220683287165,0.03970452446906741,18.857142857142858,R
Sonny Gray,24.398625429553263,5.77319587628866,0.24952437325905294,0.40125557103064063,0.29621993127147767,0.15532646048109966,0.04536082474226804,0.003436426116838488,0.0288659793814433,23.4,R
Spencer Arrighetti,21.141975308641978,12.962962962962964,0.239,0.412,0.3410493827160494,0.11728395061728394,0.027777777777777776,0.0015432098765432098,0.037037037037037035,20.5,R
Spencer Bivens,17.784256559766764,7.288629737609329,0.247,0.39399999999999996,0.3294460641399417,0.1661807580174927,0.043731778425655975,0.014577259475218658,0.01749271137026239,6.351851851851852,R
Spencer Miles,23.969072164948454,6.443298969072163,0.232,0.327,0.27319587628865977,0.16494845360824742,0.02577319587628866,0.002577319587628866,0.01288659793814433,7.918367346938775,
Spencer Schwellenbach,24.88479262672811,4.147465437788019,0.251,0.395,0.2511520737327189,0.12903225806451613,0.041474654377880185,0.004608294930875576,0.029953917050691243,25.529411764705884,R
Spencer Strider,25.142045454545453,10.085227272727273,0.253,0.454,0.3366477272727273,0.125,0.05397727272727273,0.002840909090909091,0.041193181818181816,20.625,R
Stephen Kolek,16.204379562043794,6.2773722627737225,0.26065401459854015,0.3974978102189782,0.29927007299270075,0.15766423357664233,0.035036496350364967,0.00583941605839416,0.024817518248175182,22.4,R
Steven Cruz,23.67816091954023,8.735632183908047,0.24,0.402,0.30344827586206896,0.13333333333333333,0.029885057471264367,0.0,0.04367816091954023,4.392857142857143,R
Steven Matz,18.484848484848484,5.454545454545454,0.25453917050691244,0.43236866359447,0.2878787878787879,0.14242424242424243,0.04242424242424243,0.007575757575757576,0.03484848484848485,9.5,L
Steven Okert,28.305400372439482,6.145251396648045,0.19715083798882682,0.34352513966480447,0.24022346368715083,0.11173184357541899,0.027932960893854747,0.0037243947858473,0.024208566108007448,3.838235294117647,L
Steven Wilson,21.16182572614108,9.12863070539419,0.236,0.382,0.3112033195020747,0.14937759336099585,0.029045643153526972,0.0,0.029045643153526972,4.084745762711864,R
T.J. McFarland,9.45945945945946,4.054054054054054,0.0,0.0,0.40540540540540543,0.22972972972972974,0.05405405405405406,0.04054054054054054,0.02702702702702703,2.740740740740741,R
Taijuan Walker,15.80547112462006,8.206686930091186,0.259,0.439,0.34802431610942247,0.17325227963525835,0.037993920972644375,0.00303951367781155,0.044072948328267476,23.0,R
Taj Bradley,24.538063562453807,9.75609756097561,0.23147154471544715,0.3916260162601626,0.30524759793052475,0.13008130081300814,0.03917220990391722,0.0014781966001478197,0.031042128603104215,24.129032258064516,R
Tanner Banks,22.14765100671141,6.040268456375838,0.252,0.42,0.3087248322147651,0.16554809843400448,0.03131991051454139,0.008948545861297539,0.03803131991051454,5.5,L
Tanner Bibee,20.20460358056266,7.161125319693094,0.23915175097276267,0.402704280155642,0.3062659846547315,0.14641943734015345,0.037723785166240406,0.0038363171355498722,0.03580562659846547,23.636363636363637,R
Tanner Gordon,18.14814814814815,5.061728395061729,0.282320987654321,0.5060580246913581,0.35802469135802467,0.17901234567901234,0.06666666666666667,0.009876543209876543,0.04567901234567901,19.708333333333332,R
Tanner Houck,15.763546798029557,8.374384236453201,0.293,0.491,0.3891625615763547,0.1921182266009852,0.03940886699507389,0.0,0.04926108374384237,22.555555555555557,R
Tanner Scott,28.973843058350102,6.841046277665996,0.23982786885245902,0.38096721311475407,0.28772635814889336,0.12877263581488935,0.04426559356136821,0.004024144869215292,0.03219315895372234,3.647887323943662,L
Tarik Skubal,32.081911262798634,4.505119453924915,0.2150643274853801,0.3412807017543859,0.24232081911262798,0.12764505119453926,0.03549488054607509,0.00341296928327645,0.023890784982935155,23.77777777777778,L
Tatsuya Imai,28.698224852071007,15.088757396449704,0.22100000000000003,0.379,0.3343195266272189,0.11834319526627218,0.026627218934911243,0.0,0.026627218934911243,14.695652173913043,R
Tayler Saucedo,29.88505747126437,8.045977011494253,0.0,0.0,0.28735632183908044,0.13793103448275862,0.022988505747126436,0.0,0.011494252873563218,3.107142857142857,R
Tayler Scott,17.91044776119403,13.432835820895523,0.0,0.0,0.39552238805970147,0.12686567164179105,0.06716417910447761,0.014925373134328358,0.04477611940298507,5.583333333333333,R
Taylor Clarke,18.016194331983804,4.65587044534413,0.25082591093117407,0.4272429149797571,0.25303643724696356,0.12753036437246965,0.03441295546558704,0.004048582995951417,0.030364372469635626,4.056338028169014,
Taylor Rashi,30.555555555555557,11.11111111111111,0.0,0.0,0.3333333333333333,0.16666666666666666,0.05555555555555555,0.0,0.0,7.2,R
Taylor Rogers,21.4,10.8,0.23555331991951708,0.38267605633802815,0.348,0.144,0.052,0.004,0.024,4.246153846153846,L
Tejay Antone,24.358974358974358,7.264957264957266,0.224,0.36600000000000005,0.2863247863247863,0.10683760683760683,0.04700854700854701,0.004273504273504274,0.02564102564102564,4.0344827586206895,R
Thomas Hatch,14.473684210526315,11.18421052631579,0.0,0.0,0.375,0.17105263157894737,0.046052631578947366,0.0,0.046052631578947366,12.666666666666666,R
Tim Herrin,23.30316742081448,13.122171945701357,0.213,0.357,0.34615384615384615,0.12217194570135746,0.04072398190045249,0.004524886877828055,0.02262443438914027,3.573529411764706,L
Tim Hill,12.115384615384615,5.576923076923077,0.25045098039215685,0.4037921568627451,0.2865384615384615,0.15384615384615385,0.025,0.0,0.038461538461538464,3.5970149253731343,L
Tim Mayza,22.83236994219653,6.6473988439306355,0.233,0.377,0.29190751445086704,0.1416184971098266,0.04335260115606936,0.005780346820809248,0.02601156069364162,4.459016393442623,L
Tobias Myers,17.32456140350877,7.2368421052631575,0.26095555555555555,0.4182444444444444,0.3223684210526316,0.15570175438596492,0.05482456140350877,0.0043859649122807015,0.03070175438596491,7.1875,R
Tom Cosgrove,18.91891891891892,8.108108108108109,0.0,0.0,0.35135135135135137,0.12162162162162163,0.05405405405405406,0.02702702702702703,0.04054054054054054,4.111111111111111,R
Tommy Kahnle,18.439716312056735,11.702127659574469,0.244,0.413,0.32269503546099293,0.13120567375886524,0.031914893617021274,0.0070921985815602835,0.028368794326241134,4.0285714285714285,R
Tommy Nance,25.380710659898476,8.121827411167512,0.256,0.413,0.31218274111675126,0.18274111675126903,0.02284263959390863,0.0,0.02030456852791878,4.526315789473684,R
Tomoyuki Sugano,15.17655897821187,5.409466566491361,0.29590007513148003,0.5309000751314801,0.3178061607813674,0.15401953418482345,0.045078888054094664,0.0067618332081141996,0.049586776859504134,22.620689655172413,R
Tony Gonsolin,24.203821656050955,11.464968152866243,0.0,0.0,0.34394904458598724,0.1337579617834395,0.01910828025477707,0.0,0.05732484076433121,22.428571428571427,R
Tony Santillan,22.24448897795591,11.823647294589179,0.24400000000000002,0.404,0.3226452905811623,0.11823647294589178,0.03206412825651302,0.004008016032064128,0.036072144288577156,4.340909090909091,R
Travis Adams,22.96296296296296,10.37037037037037,0.23899999999999996,0.395,0.33827160493827163,0.13580246913580246,0.04691358024691358,0.009876543209876543,0.0345679012345679,6.175,
Trent Harris,28.723404255319153,7.446808510638298,0.0,0.0,0.2872340425531915,0.13829787234042554,0.05319148936170213,0.010638297872340425,0.010638297872340425,4.2727272727272725,R
Trent Thornton,16.75531914893617,8.24468085106383,0.0,0.0,0.3191489361702128,0.14893617021276595,0.02925531914893617,0.0026595744680851063,0.03723404255319149,4.083333333333333,R
Trevor Martin,12.32876712328767,9.58904109589041,0.0,0.0,0.3972602739726027,0.1643835616438356,0.0547945205479452,0.0,0.0547945205479452,9.125,R
Trevor McDonald,19.18918918918919,6.756756756756757,0.24600000000000002,0.359,0.32162162162162167,0.16216216216216214,0.03513513513513514,0.002702702702702703,0.021621621621621623,22.142857142857142,R
Trevor Megill,29.694323144104803,7.205240174672489,0.201,0.333,0.24890829694323144,0.11790393013100436,0.04585152838427948,0.0,0.010917030567685589,3.8461538461538463,R
Trevor Richards,21.15942028985507,7.536231884057971,0.242,0.42100000000000004,0.2811594202898551,0.11014492753623188,0.05507246376811594,0.002898550724637681,0.034782608695652174,6.388888888888889,R
Trevor Rogers,23.1729055258467,6.0606060606060606,0.23372192513368983,0.3828529411764706,0.2718360071301248,0.1390374331550802,0.0374331550802139,0.008021390374331552,0.022281639928698752,23.3,L
Trevor Williams,20.081135902636916,6.288032454361055,0.277,0.435,0.33468559837728196,0.18255578093306288,0.04462474645030426,0.006085192697768763,0.030425963488843813,8.0,R
Trey Gibson,20.0,14.594594594594595,0.0,0.0,0.372972972972973,0.15675675675675677,0.02702702702702703,0.0,0.03783783783783784,20.555555555555557,R
Trey Yesavage,26.573426573426573,11.363636363636363,0.19800000000000004,0.333,0.2867132867132867,0.0979020979020979,0.04020979020979021,0.0,0.027972027972027972,20.05,R
Tristan Beck,15.873015873015873,6.666666666666667,0.261,0.42899999999999994,0.2920634920634921,0.14285714285714285,0.03492063492063492,0.009523809523809525,0.02857142857142857,5.928571428571429,R
Troy Melton,20.11661807580175,8.16326530612245,0.239,0.369,0.28425655976676384,0.11224489795918367,0.043731778425655975,0.0029154518950437317,0.03206997084548105,23.5,R
Ty Madden,24.33862433862434,7.4074074074074066,0.0,0.0,0.25925925925925924,0.1111111111111111,0.031746031746031744,0.005291005291005291,0.026455026455026454,9.45,R
Tyler Alexander,19.31972789115646,7.210884353741497,0.2600122282608696,0.3916453804347826,0.3251700680272109,0.18231292517006803,0.03945578231292517,0.006802721088435374,0.0163265306122449,4.16,L
Tyler Anderson,17.362270450751254,9.515859766277128,0.253,0.48,0.32554257095158595,0.12520868113522537,0.048414023372287146,0.005008347245409015,0.04674457429048414,23.03846153846154,R
Tyler Davis,21.09375,12.5,0.0,0.0,0.2890625,0.1171875,0.0234375,0.0,0.0234375,4.129032258064516,
Tyler Ferguson,23.14814814814815,11.728395061728396,0.20899999999999996,0.34,0.31790123456790126,0.11419753086419752,0.024691358024691357,0.009259259259259259,0.030864197530864196,4.333333333333333,R
Tyler Gilbert,22.790697674418606,11.162790697674419,0.21999999999999997,0.40399999999999997,0.30697674418604654,0.11162790697674418,0.05116279069767442,0.0,0.023255813953488372,4.673913043478261,R
Tyler Glasnow,30.862533692722373,10.64690026954178,0.19727522935779818,0.3275229357798165,0.26819407008086255,0.09703504043126684,0.03234501347708895,0.0026954177897574125,0.02425876010781671,22.153846153846153,R
Tyler Holton,19.17591125198098,5.863708399366086,0.24852691680261008,0.3889396411092985,0.29160063391442154,0.15847860538827258,0.02694136291600634,0.001584786053882726,0.03645007923930269,4.492537313432836,L
Tyler Kinley,22.40740740740741,10.925925925925926,0.2129851851851852,0.35457037037037037,0.29259259259259257,0.1111111111111111,0.03148148148148148,0.0,0.02962962962962963,3.625,R
Tyler Mahle,21.153846153846153,7.692307692307692,0.24788333333333334,0.39892916666666667,0.29554655870445345,0.15182186234817813,0.03542510121457489,0.003036437246963563,0.025303643724696356,22.928571428571427,R
Tyler Phillips,17.978848413631024,9.400705052878966,0.25011515863689776,0.3978166862514689,0.3078730904817861,0.14571092831962398,0.0282021151586369,0.004700352526439483,0.02937720329024677,14.54054054054054,R
Tyler Rogers,14.839797639123104,4.8903878583473865,0.2375716694772344,0.30752107925801014,0.26812816188870153,0.178752107925801,0.021922428330522763,0.003372681281618887,0.01011804384485666,3.972972972972973,R
Tyler Samaniego,18.88888888888889,8.88888888888889,0.0,0.0,0.35555555555555557,0.2111111111111111,0.022222222222222223,0.0,0.011111111111111112,4.5,L
Tyler Schweitzer,11.688311688311687,7.792207792207792,0.0,0.0,0.3181818181818182,0.14935064935064934,0.07142857142857142,0.0,0.01948051948051948,8.555555555555555,R
Tyler Wells,25.069637883008358,5.571030640668523,0.201,0.346,0.2395543175487465,0.10027855153203342,0.04178272980501393,0.002785515320334262,0.033426183844011144,4.859649122807017,R
Tyler Zuber,24.0,6.285714285714287,0.0,0.0,0.33714285714285713,0.1657142857142857,0.03428571428571429,0.005714285714285714,0.05714285714285714,3.977272727272727,R
Tylor Megill,29.18032786885246,10.819672131147541,0.21999999999999997,0.348,0.32786885245901637,0.14098360655737704,0.03278688524590164,0.003278688524590164,0.019672131147540985,21.785714285714285,R
Tyron Guerrero,24.698795180722893,4.819277108433735,0.0,0.0,0.28313253012048195,0.18674698795180722,0.024096385542168676,0.0,0.012048192771084338,4.15,R
Valente Bellozo,15.517241379310345,6.609195402298851,0.26,0.51,0.3218390804597701,0.15517241379310345,0.04310344827586207,0.0028735632183908046,0.04310344827586207,10.875,R
Victor Mederos,20.600858369098713,11.587982832618026,0.0,0.0,0.34763948497854075,0.12446351931330472,0.030042918454935622,0.02145922746781116,0.02575107296137339,4.903225806451613,R
Victor Vodnik,19.334719334719335,12.266112266112266,0.23631808731808734,0.372985446985447,0.34303534303534305,0.14760914760914762,0.04573804573804574,0.006237006237006237,0.014553014553014554,5.018867924528302,R
Walbert Ureña,22.720000000000002,10.879999999999999,0.0,0.0,0.3056,0.1296,0.0368,0.0,0.016,21.551724137931036,R
Walker Buehler,18.338815789473685,9.703947368421053,0.2556765432098766,0.4242814814814814,0.34210526315789475,0.15871710526315788,0.032072368421052634,0.003289473684210526,0.03618421052631579,20.34375,R
Wandy Peralta,17.84037558685446,8.294209702660407,0.26364511041009464,0.3895567823343849,0.3208137715179969,0.1564945226917058,0.046948356807511735,0.00782472613458529,0.018779342723004695,4.938461538461539,L
Wikelman González,28.735632183908045,13.793103448275861,0.0,0.0,0.28735632183908044,0.09195402298850575,0.04597701149425287,0.0,0.011494252873563218,5.4375,R
Wilber Dotel,22.52747252747253,8.791208791208792,0.0,0.0,0.31868131868131866,0.17582417582417584,0.038461538461538464,0.0,0.016483516483516484,8.272727272727273,
Will Dion,27.363184079601986,8.45771144278607,0.0,0.0,0.29850746268656714,0.12437810945273632,0.04477611940298507,0.0,0.03980099502487562,7.444444444444445,R
Will Klein,26.97841726618705,11.870503597122303,0.0,0.0,0.35251798561151076,0.17625899280575538,0.02877697841726619,0.0,0.01079136690647482,5.25,R
Will Vest,25.99531615925059,7.494145199063232,0.217,0.315,0.297423887587822,0.16393442622950818,0.03044496487119438,0.00468384074941452,0.01405152224824356,4.296296296296297,R
Will Warren,23.587570621468927,8.474576271186441,0.2544387608069164,0.41673270893371755,0.3199152542372881,0.14124293785310735,0.04943502824858757,0.0049435028248587575,0.03389830508474576,20.696969696969695,R
Wyatt Olds,27.027027027027028,13.513513513513514,0.0,0.0,0.32432432432432434,0.10810810810810811,0.02702702702702703,0.0,0.02702702702702703,4.933333333333334,R
Xzavion Curry,15.957446808510639,9.574468085106384,0.0,0.0,0.3404255319148936,0.11702127659574468,0.0425531914893617,0.0,0.07446808510638298,10.444444444444445,R
Yaramil Hiraldo,25.0,10.714285714285714,0.0,0.0,0.30952380952380953,0.11904761904761904,0.03571428571428571,0.0,0.047619047619047616,4.666666666666667,R
Yariel Rodríguez,21.474358974358974,12.179487179487179,0.0,0.0,0.3076923076923077,0.10897435897435898,0.022435897435897436,0.003205128205128205,0.03205128205128205,4.457142857142857,R
Yennier Cano,21.53846153846154,8.131868131868131,0.2313171806167401,0.3469757709251101,0.31868131868131866,0.17362637362637362,0.02857142857142857,0.002197802197802198,0.01978021978021978,3.0,R
Yerry de los Santos,17.716535433070867,9.84251968503937,0.0,0.0,0.32677165354330706,0.17716535433070865,0.027559055118110236,0.0,0.01968503937007874,5.875,R
Yimi García,27.77777777777778,13.333333333333334,0.0,0.0,0.28888888888888886,0.1111111111111111,0.011111111111111112,0.0,0.022222222222222223,4.090909090909091,R
Yoendrys Gómez,21.428571428571427,11.498257839721255,0.0,0.0,0.3327526132404181,0.1289198606271777,0.04006968641114982,0.003484320557491289,0.033101045296167246,4.569230769230769,R
Yohan Ramírez,28.433268858800773,11.60541586073501,0.0,0.0,0.32495164410058025,0.11218568665377177,0.04642166344294004,0.0,0.015473887814313346,5.484848484848484,R
Yoshinobu Yamamoto,27.272727272727273,6.914212548015365,0.20461206896551729,0.31976724137931034,0.24327784891165172,0.11267605633802817,0.029449423815621,0.0006402048655569782,0.023047375160051217,25.310344827586206,R
Yovanny Cruz,21.428571428571427,12.857142857142856,0.0,0.0,0.38571428571428573,0.17142857142857143,0.02857142857142857,0.0,0.02857142857142857,4.117647058823529,R
Yu Darvish,22.772277227722775,6.270627062706271,0.21800000000000003,0.395,0.31683168316831684,0.12871287128712872,0.052805280528052806,0.0033003300330033004,0.0462046204620462,18.9375,R
Yuki Matsui,24.0,12.909090909090908,0.1996541353383459,0.349593984962406,0.30363636363636365,0.1,0.03272727272727273,0.0036363636363636364,0.03090909090909091,4.793103448275862,L
Yunior Marte,14.563106796116502,9.70873786407767,0.0,0.0,0.3300970873786408,0.1262135922330097,0.04854368932038835,0.009708737864077669,0.04854368932038835,20.6,R
Yusei Kikuchi,22.376973073351902,9.656453110492107,0.25198235840297123,0.4248848653667595,0.33797585886722376,0.1532033426183844,0.0510677808727948,0.002785515320334262,0.028783658310120707,21.785714285714285,L
Zac Gallen,18.59922178988327,7.8599221789883265,0.2673447470817121,0.4688949416342412,0.32140077821011676,0.14708171206225681,0.04357976653696498,0.007003891050583658,0.038910505836575876,21.454545454545453,R
Zac Thornton,18.694362017804153,5.341246290801187,0.261,0.44400000000000006,0.29376854599406527,0.1543026706231454,0.03560830860534125,0.0,0.04154302670623145,22.466666666666665,R
Zach Agnos,14.128440366972477,9.541284403669724,0.281,0.46,0.3486238532110092,0.13944954128440368,0.06972477064220184,0.007339449541284404,0.027522935779816515,9.926829268292684,
Zach Brzykcy,21.818181818181817,10.909090909090908,0.0,0.0,0.38181818181818183,0.15454545454545454,0.045454545454545456,0.0,0.05454545454545454,4.230769230769231,R
Zach Eflin,16.181229773462782,4.207119741100324,0.265,0.46799999999999997,0.3333333333333333,0.1650485436893204,0.061488673139158574,0.0,0.05825242718446602,22.071428571428573,R
Zack Kelly,22.321428571428573,8.482142857142858,0.0,0.0,0.32142857142857145,0.15625,0.044642857142857144,0.0,0.017857142857142856,4.176470588235294,R
Zack Littell,15.577507598784194,5.395136778115501,0.27329099307159355,0.492256351039261,0.30243161094224924,0.14437689969604864,0.044072948328267476,0.001519756838905775,0.05015197568389058,20.76923076923077,R
Zack Wheeler,31.355252606255007,6.655974338412189,0.19634146341463415,0.3166707317073171,0.26303127506014434,0.11467522052927025,0.03688853247794707,0.0024057738572574178,0.03287890938251804,22.82758620689655,R
Zak Kent,18.30065359477124,10.457516339869281,0.0,0.0,0.3464052287581699,0.1437908496732026,0.058823529411764705,0.006535947712418301,0.026143790849673203,7.0,R
Zebby Matthews,22.691879866518352,7.007786429365962,0.25490656284760843,0.4336629588431591,0.3181312569521691,0.16017797552836485,0.042269187986651836,0.0011123470522803114,0.04004449388209121,23.695652173913043,R
