Name,k_percent,bb_percent,xba,xslg,xobp,single%,double%,triple%,home_run%,xOPS,wRops,wLops
A.J. Ewing,25.40983606557377,9.221311475409836,0.255,0.398,0.324,0.16188524590163936,0.0389344262295082,0.0020491803278688526,0.022540983606557378,0.722,0.97,1.07
Aaron Judge,25.12562814070352,17.185929648241206,0.28617427385892114,0.665496887966805,0.43278391959798995,0.13366834170854272,0.04221105527638191,0.0020100502512562816,0.07236180904522613,1.098280807564795,0.97,1.07
Aaron Schunk,30.303030303030305,0.0,0.224,0.306,0.188,0.15151515151515152,0.030303030303030304,0.0,0.0,0.494,0.97,1.07
Abimelec Ortiz,26.47058823529412,5.147058823529411,0.211,0.382,0.228,0.10294117647058823,0.03676470588235294,0.0,0.03676470588235294,0.61,0.97,1.07
Abraham Toro,14.788732394366198,4.929577464788732,0.253,0.376,0.289,0.14788732394366197,0.045774647887323945,0.0,0.02464788732394366,0.665,0.97,1.07
Adael Amador,17.80821917808219,9.132420091324201,0.21259817351598173,0.30440182648401826,0.29755251141552513,0.1141552511415525,0.0547945205479452,0.0,0.0228310502283105,0.6019543378995433,0.97,1.07
Adam Frazier,19.801980198019802,6.105610561056106,0.2389059405940594,0.32353960396039605,0.31802970297029703,0.17326732673267325,0.04785478547854786,0.0016501650165016502,0.013201320132013201,0.6415693069306931,0.97,1.07
Addison Barger,23.333333333333332,7.719298245614035,0.2484490566037736,0.4473660377358491,0.318,0.1280701754385965,0.06315789473684211,0.0017543859649122807,0.042105263157894736,0.7653660377358491,0.97,1.07
Adley Rutschman,16.191709844559586,10.103626943005182,0.24732642487046633,0.40894559585492224,0.3096360103626943,0.11917098445595854,0.054404145077720206,0.0038860103626943004,0.027202072538860103,0.7185816062176165,0.97,1.07
Adolis García,27.1712158808933,6.079404466501241,0.2281439205955335,0.40611290322580645,0.2706786600496278,0.12034739454094293,0.04466501240694789,0.0012406947890818859,0.03225806451612903,0.6767915632754342,0.97,1.07
Adrian Del Castillo,31.498470948012233,6.422018348623853,0.20060550458715595,0.3368134556574923,0.26422629969418954,0.13149847094801223,0.03669724770642202,0.0,0.027522935779816515,0.6010397553516819,0.97,1.07
Agustín Ramírez,20.69377990430622,7.416267942583732,0.24969258373205744,0.41646770334928235,0.29780861244019136,0.12679425837320574,0.05143540669856459,0.0023923444976076554,0.03110047846889952,0.7142763157894737,0.97,1.07
Alan Roden,19.838056680161944,8.097165991902834,0.2220485829959514,0.30936032388663964,0.30476518218623483,0.13765182186234817,0.044534412955465584,0.004048582995951417,0.012145748987854251,0.6141255060728745,0.97,1.07
Alan Trejo,16.27906976744186,2.3255813953488373,0.20599999999999996,0.351,0.19,0.11627906976744186,0.046511627906976744,0.0,0.0,0.5409999999999999,0.97,1.07
Alec Bohm,14.908456843940716,7.061900610287707,0.26946412754650134,0.413,0.3253775065387968,0.17523975588491716,0.04097646033129904,0.0034873583260680036,0.022667829119442023,0.7383775065387967,0.97,1.07
Alec Burleson,16.44736842105263,7.730263157894737,0.2813667763157895,0.4991003289473684,0.3430000000000001,0.1669407894736842,0.05180921052631579,0.0024671052631578946,0.03618421052631579,0.8421003289473685,0.97,1.07
Alejandro Kirk,12.195121951219512,9.977827050997783,0.2722673992673993,0.43719658119658117,0.34904101995565406,0.18181818181818182,0.031042128603104215,0.0,0.03325942350332594,0.7862376011522352,0.97,1.07
Alejandro Osuna,16.953316953316953,9.828009828009828,0.26191891891891894,0.3457297297297297,0.33513513513513515,0.1769041769041769,0.02457002457002457,0.0,0.007371007371007371,0.6808648648648649,0.97,1.07
Alek Thomas,25.29711375212224,4.244482173174872,0.23996264855687605,0.37240747028862475,0.2763684210526316,0.1460101867572156,0.04923599320882852,0.0050933786078098476,0.01867572156196944,0.6487758913412563,0.97,1.07
Alex Bregman,14.439834024896266,10.705394190871369,0.2510763422818792,0.40068708053691277,0.35505892116182575,0.14190871369294605,0.05062240663900415,0.0016597510373443983,0.036514522821576766,0.7557460016987385,0.97,1.07
Alex Call,17.358490566037737,11.69811320754717,0.2268854368932039,0.32590291262135923,0.360988679245283,0.15849056603773584,0.03962264150943396,0.0037735849056603774,0.011320754716981131,0.6868915918666423,0.97,1.07
Alex Freeland,29.781420765027324,11.748633879781421,0.20701366120218578,0.3291338797814208,0.317724043715847,0.14207650273224043,0.030054644808743168,0.00273224043715847,0.01639344262295082,0.6468579234972678,0.97,1.07
Alex Jackson,35.26011560693642,4.046242774566474,0.18179768786127168,0.31811560693641616,0.3119421965317919,0.1329479768786127,0.06936416184971098,0.0,0.03468208092485549,0.630057803468208,0.97,1.07
Alex Verdugo,14.553990610328638,6.572769953051644,0.266,0.369,0.296,0.17370892018779344,0.046948356807511735,0.0,0.0,0.665,0.97,1.07
Alexander Canario,34.18803418803419,7.264957264957266,0.219,0.407,0.274,0.1452991452991453,0.02564102564102564,0.004273504273504274,0.02564102564102564,0.681,0.97,1.07
Ali Sánchez,27.173913043478255,1.0869565217391304,0.234,0.32260000000000005,0.275,0.1956521739130435,0.021739130434782608,0.0,0.010869565217391304,0.5976000000000001,0.97,1.07
Alika Williams,21.645021645021647,4.329004329004329,0.217,0.299,0.307,0.14285714285714285,0.08658008658008658,0.004329004329004329,0.017316017316017316,0.606,0.97,1.07
Amed Rosario,20.0,4.719101123595506,0.26668505747126436,0.43058620689655175,0.2920988764044944,0.16179775280898875,0.04044943820224719,0.0022471910112359553,0.035955056179775284,0.7226850833010461,0.97,1.07
Andrés Chaparro,25.252525252525253,10.1010101010101,0.2157104377104377,0.40225925925925926,0.32996296296296296,0.11784511784511785,0.050505050505050504,0.0,0.04040404040404041,0.7322222222222222,0.97,1.07
Andrés Giménez,18.545837723919917,4.847207586933615,0.2433329519450801,0.34482151029748287,0.2881285563751317,0.1464699683877766,0.040042149631190724,0.002107481559536354,0.018967334035827187,0.6329500666726146,0.97,1.07
Andrew Benintendi,20.68230277185501,8.422174840085288,0.23549040511727076,0.41253091684434967,0.30450533049040507,0.13113006396588486,0.042643923240938165,0.0042643923240938165,0.03731343283582089,0.7170362473347547,0.97,1.07
Andrew Knizner,14.285714285714286,6.5476190476190474,0.21933333333333332,0.319,0.2937619047619047,0.14285714285714285,0.02976190476190476,0.005952380952380952,0.017857142857142856,0.6127619047619047,0.97,1.07
Andrew McCutchen,22.082018927444796,11.987381703470032,0.24569400630914828,0.39536277602523656,0.3256687697160884,0.14195583596214512,0.03785488958990536,0.0,0.022082018927444796,0.721031545741325,0.97,1.07
Andrew Vaughn,16.707920792079207,8.663366336633663,0.2691709511568124,0.43688046272493575,0.33982054455445543,0.16212871287128713,0.04950495049504951,0.0024752475247524753,0.027227722772277228,0.7767010072793912,0.97,1.07
Andruw Monasterio,20.625,7.083333333333332,0.22902713987473905,0.3565365344467641,0.30465,0.13333333333333333,0.06666666666666667,0.0020833333333333333,0.020833333333333332,0.661186534446764,0.97,1.07
Andy Ibáñez,13.402061855670103,6.185567010309279,0.2418904109589041,0.3512922374429223,0.304,0.15979381443298968,0.041237113402061855,0.0,0.020618556701030927,0.6552922374429223,0.97,1.07
Andy Pages,20.673076923076923,6.169871794871795,0.26515423302598495,0.4327694886839899,0.3179727564102564,0.15625,0.04326923076923077,0.002403846153846154,0.03926282051282051,0.7507422450942463,0.97,1.07
Angel Genao,15.555555555555555,8.148148148148149,0.23900000000000002,0.335,0.281,0.14814814814814814,0.02962962962962963,0.0,0.014814814814814815,0.6160000000000001,0.97,1.07
Angel Martínez,22.469410456062292,4.004449388209121,0.23247321428571427,0.35484375,0.28054060066740827,0.13348164627363737,0.05228031145717464,0.004449388209121246,0.03225806451612903,0.6353843506674083,0.97,1.07
Anthony Santander,27.848101265822784,10.9704641350211,0.188,0.301,0.27,0.10970464135021098,0.02109704641350211,0.0,0.02531645569620253,0.571,0.97,1.07
Anthony Seigler,17.88617886178862,10.56910569105691,0.2398130081300813,0.3608008130081301,0.3166138211382114,0.13008130081300814,0.05284552845528455,0.0040650406504065045,0.012195121951219511,0.6774146341463415,0.97,1.07
Anthony Volpe,25.57603686635945,7.8341013824884795,0.22562945368171022,0.38425653206650834,0.28302073732718896,0.11635944700460829,0.05184331797235023,0.00576036866359447,0.02534562211981567,0.6672772693936972,0.97,1.07
Austin Barnes,31.818181818181817,2.272727272727273,0.22699999999999998,0.303,0.233,0.13636363636363635,0.06818181818181818,0.0,0.0,0.536,0.97,1.07
Austin Hays,25.572519083969464,6.297709923664122,0.24368992248062016,0.40086821705426356,0.3094198473282443,0.16412213740458015,0.03625954198473282,0.009541984732824428,0.03435114503816794,0.7102880643825078,0.97,1.07
Austin Hedges,20.560747663551403,10.514018691588785,0.20524705882352942,0.3030235294117647,0.29764252336448593,0.1261682242990654,0.030373831775700934,0.0,0.02570093457943925,0.6006660527762506,0.97,1.07
Austin Martin,18.317757009345794,12.336448598130842,0.24790093457943926,0.3454336448598131,0.3528261682242991,0.15514018691588785,0.04672897196261682,0.001869158878504673,0.007476635514018692,0.6982598130841122,0.97,1.07
Austin Nola,12.195121951219512,4.878048780487805,0.26,0.32,0.22499999999999998,0.14634146341463414,0.024390243902439025,0.0,0.0,0.5449999999999999,0.97,1.07
Austin Riley,30.568499534016777,6.896551724137931,0.22733084808946877,0.42882758620689654,0.2984986020503262,0.14259086672879775,0.03821062441752097,0.0027958993476234857,0.032618825722273995,0.7273261882572227,0.97,1.07
Austin Slater,30.769230769230766,8.119658119658121,0.22644444444444445,0.40010256410256406,0.28296581196581194,0.13675213675213677,0.038461538461538464,0.004273504273504274,0.021367521367521368,0.683068376068376,0.97,1.07
Austin Wells,26.426076833527357,9.19674039580908,0.2096076555023923,0.37982775119617224,0.2821303841676368,0.10477299185098952,0.033760186263096625,0.0011641443538998836,0.04074505238649592,0.6619581353638091,0.97,1.07
Austin Wynns,28.14070351758794,5.025125628140704,0.2182412060301508,0.3657286432160804,0.2646482412060302,0.135678391959799,0.04020100502512563,0.0,0.035175879396984924,0.6303768844221106,0.97,1.07
Ben Malgeri,25.899280575539567,12.23021582733813,0.24399999999999997,0.356,0.353,0.14388489208633093,0.03597122302158273,0.0,0.03597122302158273,0.709,0.97,1.07
Ben Rice,22.167487684729064,11.247947454844006,0.2727560568086884,0.5295964912280702,0.35033333333333333,0.11904761904761904,0.04351395730706076,0.006568144499178982,0.05582922824302135,0.8799298245614036,0.97,1.07
Ben Rortvedt,18.84057971014493,7.971014492753621,0.19128205128205128,0.24689743589743587,0.256,0.10869565217391304,0.028985507246376812,0.0,0.007246376811594203,0.5028974358974359,0.97,1.07
Ben Williamson,20.379965457685664,6.390328151986183,0.24394300518134715,0.32396200345423143,0.29890500863557856,0.17962003454231434,0.039723661485319514,0.0017271157167530224,0.0069084628670120895,0.62286701208981,0.97,1.07
Billy Cook,38.888888888888886,1.8518518518518516,0.16380000000000003,0.21689999999999998,0.204,0.12962962962962962,0.018518518518518517,0.018518518518518517,0.0,0.42089999999999994,0.97,1.07
Blaine Crim,37.83783783783784,8.108108108108109,0.215,0.45699999999999996,0.27,0.08108108108108109,0.02702702702702703,0.0,0.06756756756756757,0.727,0.97,1.07
Blake Dunn,25.217391304347824,7.826086956521739,0.2243913043478261,0.3085652173913043,0.330108695652174,0.1565217391304348,0.0391304347826087,0.004347826086956522,0.013043478260869565,0.6386739130434783,0.97,1.07
Blake Perkins,25.862068965517242,9.655172413793103,0.21297426470588235,0.3144889705882353,0.2838896551724138,0.11379310344827587,0.04482758620689655,0.006896551724137931,0.013793103448275862,0.5983786257606492,0.97,1.07
Blaze Alexander,26.846846846846844,7.387387387387387,0.25734414414414414,0.41461621621621625,0.3412252252252252,0.16756756756756758,0.04504504504504504,0.005405405405405406,0.01981981981981982,0.7558414414414414,0.97,1.07
Blaze Jordan,15.075376884422107,3.5175879396984926,0.266,0.425,0.276,0.15577889447236182,0.04020100502512563,0.020100502512562814,0.01507537688442211,0.7010000000000001,0.97,1.07
Bo Bichette,16.419019316493312,6.909361069836553,0.2876656557998484,0.44785367702805157,0.33587147102526,0.18202080237741455,0.0512630014858841,0.002228826151560178,0.0274888558692422,0.7837251480533116,0.97,1.07
Bo Naylor,23.846153846153847,10.0,0.20387109375,0.37655078124999997,0.26675000000000004,0.08076923076923077,0.046153846153846156,0.0019230769230769232,0.03461538461538462,0.64330078125,0.97,1.07
Bob Seymour,38.55421686746988,4.819277108433735,0.2,0.279,0.253,0.1566265060240964,0.012048192771084338,0.012048192771084338,0.012048192771084338,0.532,0.97,1.07
Bobby Witt Jr.,17.718631178707223,8.8212927756654,0.29407376425855514,0.5075224334600761,0.3557756653992395,0.16197718631178706,0.060836501901140684,0.00532319391634981,0.0311787072243346,0.8632980988593155,0.97,1.07
Braden Montgomery,19.667590027700832,10.526315789473683,0.255,0.391,0.313,0.13019390581717452,0.0443213296398892,0.008310249307479225,0.01662049861495845,0.704,0.97,1.07
Braden Shewmake,17.582417582417584,2.197802197802198,0.246,0.411,0.27,0.15384615384615385,0.054945054945054944,0.0,0.03296703296703297,0.681,0.97,1.07
Brady House,27.04,5.76,0.26161599999999996,0.406504,0.2851344,0.1536,0.0464,0.0,0.0224,0.6916384,0.97,1.07
Brandon Lockridge,26.61596958174905,7.224334600760456,0.22563984674329504,0.2919195402298851,0.3046539923954372,0.17490494296577946,0.045627376425855515,0.0038022813688212928,0.0,0.5965735326253223,0.97,1.07
Brandon Lowe,27.956989247311828,8.271298593879239,0.24640894039735098,0.4601067880794702,0.3200223325062035,0.1381306865177833,0.03970223325062035,0.0008271298593879239,0.05459057071960298,0.7801291205856737,0.97,1.07
Brandon Marsh,25.59760956175299,7.270916334661354,0.2561567239635996,0.414891809908999,0.3187091633466136,0.1643426294820717,0.044820717131474105,0.00398406374501992,0.02888446215139442,0.7336009732556126,0.97,1.07
Brandon Nimmo,22.256331542594015,7.751343054489639,0.2599938603223331,0.4314904067536454,0.324,0.15425940138142746,0.04834996162701458,0.0030698388334612432,0.029930928626247123,0.7554904067536454,0.97,1.07
Brandon Valenzuela,25.37313432835821,10.44776119402985,0.23899999999999996,0.37,0.307,0.13432835820895522,0.033582089552238806,0.0,0.029850746268656716,0.677,0.97,1.07
Braxton Fulford,34.146341463414636,7.317073170731708,0.1731219512195122,0.2851219512195122,0.2636829268292683,0.11219512195121951,0.04390243902439024,0.00975609756097561,0.00975609756097561,0.5488048780487805,0.97,1.07
Brayan Rocchio,16.76829268292683,6.097560975609756,0.24600000000000002,0.35314256410256406,0.3034390243902439,0.15142276422764228,0.04369918699186992,0.0040650406504065045,0.021341463414634148,0.6565815884928079,0.97,1.07
Brendan Donovan,13.353115727002967,8.456973293768545,0.27292284866468847,0.4242299703264096,0.3572462908011869,0.17359050445103857,0.057863501483679525,0.001483679525222552,0.019287833827893175,0.7814762611275965,0.97,1.07
Brendan Rodgers,35.9375,8.59375,0.213,0.391,0.266,0.125,0.03125,0.0,0.015625,0.657,0.97,1.07
Brent Rooker,24.390243902439025,9.312638580931264,0.2491176470588235,0.4783418423973363,0.3228470066518847,0.12527716186252771,0.04878048780487805,0.0033259423503325942,0.04434589800443459,0.8011888490492209,0.97,1.07
Brenton Doyle,27.74108322324967,5.548216644649934,0.22887450462351386,0.3825984147952443,0.2742892998678996,0.14795244385733158,0.03963011889035667,0.003963011889035667,0.026420079260237782,0.656887714663144,0.97,1.07
Brett Bateman,19.2090395480226,10.16949152542373,0.264,0.333,0.39999999999999997,0.22598870056497175,0.03954802259887006,0.005649717514124294,0.011299435028248588,0.733,0.97,1.07
Brett Baty,25.638179800221977,8.546059933407324,0.24783573806881246,0.4351376248612652,0.31247946725860154,0.146503884572697,0.038845726970033294,0.003329633740288568,0.03218645948945616,0.7476170921198668,0.97,1.07
Brett Callahan,32.467532467532465,7.792207792207792,0.217,0.386,0.286,0.12987012987012986,0.03896103896103896,0.012987012987012988,0.012987012987012988,0.6719999999999999,0.97,1.07
Brett Harris,27.611940298507463,7.462686567164178,0.2042537313432836,0.2756268656716418,0.3101940298507463,0.1417910447761194,0.05223880597014925,0.0,0.0,0.585820895522388,0.97,1.07
Brett Sullivan,16.877637130801688,5.48523206751055,0.23156097560975608,0.3545121951219512,0.268,0.11814345991561181,0.05485232067510549,0.004219409282700422,0.029535864978902954,0.6225121951219512,0.97,1.07
Brett Wisely,22.22222222222222,11.11111111111111,0.2,0.347,0.279,0.07936507936507936,0.06349206349206349,0.0,0.015873015873015872,0.626,0.97,1.07
Brewer Hicklen,37.2093023255814,18.6046511627907,0.20019148936170214,0.3328936170212766,0.39499999999999996,0.09302325581395349,0.11627906976744186,0.0,0.0,0.7278936170212766,0.97,1.07
Brian Navarreto,34.48275862068966,3.4482758620689653,0.15183561643835616,0.25238356164383563,0.2,0.05172413793103448,0.05172413793103448,0.0,0.017241379310344827,0.45238356164383564,0.97,1.07
Brian Serven,25.609756097560975,3.658536585365854,0.21800000000000003,0.372,0.22,0.0975609756097561,0.012195121951219513,0.0,0.06097560975609756,0.592,0.97,1.07
Brice Matthews,33.57142857142857,6.428571428571429,0.19048214285714285,0.35881428571428575,0.24946071428571429,0.11785714285714285,0.017857142857142856,0.0035714285714285713,0.039285714285714285,0.608275,0.97,1.07
Brice Turang,24.416909620991255,11.51603498542274,0.257949063670412,0.4284936329588015,0.35786880466472304,0.15743440233236153,0.048104956268221574,0.0036443148688046646,0.029154518950437316,0.7863624376235245,0.97,1.07
Brock Rodden,33.33333333333333,13.88888888888889,0.135,0.227,0.306,0.1111111111111111,0.041666666666666664,0.013888888888888888,0.0,0.533,0.97,1.07
Brooks Baldwin,26.21951219512195,6.402439024390244,0.235,0.41600000000000004,0.29,0.13719512195121952,0.04573170731707317,0.003048780487804878,0.03353658536585366,0.706,0.97,1.07
Brooks Lee,16.81109185441941,5.892547660311958,0.23237001733102255,0.36204679376083193,0.2931499133448873,0.15424610051993068,0.03466204506065858,0.0034662045060658577,0.03466204506065858,0.6551967071057192,0.97,1.07
Bryan De La Cruz,26.470588235294116,7.352941176470588,0.22566176470588237,0.33202941176470585,0.30892647058823525,0.16911764705882354,0.03676470588235294,0.0,0.014705882352941176,0.6409558823529411,0.97,1.07
Bryan Reynolds,24.72242783123612,10.73279052553664,0.2569363434492968,0.44545225758697266,0.3422479644707624,0.13471502590673576,0.05773501110288675,0.0044411547002220575,0.02442635085122132,0.787700222057735,0.97,1.07
Bryan Torres,20.634920634920633,9.523809523809524,0.22899999999999998,0.329,0.309,0.164021164021164,0.005291005291005291,0.010582010582010581,0.021164021164021163,0.638,0.97,1.07
Bryce Eldridge,27.216494845360824,13.608247422680412,0.25382061855670107,0.47028041237113405,0.35888865979381446,0.13402061855670103,0.05154639175257732,0.0,0.03505154639175258,0.8291690721649485,0.97,1.07
Bryce Harper,21.073094867807153,13.996889580093313,0.26962776025236596,0.4854889589905363,0.3693748055987558,0.12830482115085537,0.05054432348367029,0.0023328149300155523,0.042768273716951785,0.854863764589292,0.97,1.07
Bryce Johnson,27.941176470588236,4.411764705882353,0.24236842105263157,0.31757894736842107,0.326235294117647,0.19852941176470587,0.04411764705882353,0.0,0.007352941176470588,0.6438142414860681,0.97,1.07
Bryce Teodosio,32.88288288288288,4.504504504504505,0.18013513513513515,0.25024324324324326,0.24994594594594594,0.13063063063063063,0.04054054054054054,0.009009009009009009,0.0045045045045045045,0.5001891891891892,0.97,1.07
Bryson Stott,16.553480475382003,9.762308998302208,0.2568591065292097,0.39663230240549835,0.3270764006791172,0.1494057724957555,0.04753820033955857,0.007640067911714771,0.019524617996604415,0.7237087030846155,0.97,1.07
Buddy Kennedy,28.395061728395063,8.641975308641975,0.15475308641975308,0.24701234567901234,0.1971358024691358,0.06172839506172839,0.024691358024691357,0.0,0.0,0.4441481481481482,0.97,1.07
Byron Buxton,26.105263157894736,7.473684210526316,0.24857052631578946,0.5028336842105263,0.3235642105263158,0.12210526315789473,0.04105263157894737,0.008421052631578947,0.06315789473684211,0.8263978947368421,0.97,1.07
CJ Abrams,22.023346303501945,7.315175097276264,0.24601167315175096,0.41819844357976654,0.32612840466926074,0.13540856031128404,0.05058365758754864,0.0062256809338521405,0.04046692607003891,0.7443268482490273,0.97,1.07
CJ Kayfus,26.20689655172414,8.275862068965518,0.2308036809815951,0.427,0.292,0.0896551724137931,0.06896551724137931,0.006896551724137931,0.027586206896551724,0.719,0.97,1.07
Cal Raleigh,28.660436137071652,13.785046728971963,0.21264634146341463,0.48126829268292687,0.33378738317757006,0.08644859813084112,0.031931464174454825,0.0,0.06853582554517133,0.815055675860497,0.97,1.07
Caleb Durbin,12.221231043710972,7.493309545049064,0.24483639705882354,0.33846323529411765,0.33444246208742195,0.15075825156110614,0.0463871543264942,0.001784121320249777,0.021409455842997322,0.6729056973815396,0.97,1.07
Cam Cauley,23.076923076923077,7.6923076923076925,0.192,0.238,0.281,0.1076923076923077,0.046153846153846156,0.015384615384615385,0.015384615384615385,0.519,0.97,1.07
Cam Devanney,55.26315789473686,5.263157894736842,0.137,0.241,0.184,0.10526315789473684,0.02631578947368421,0.0,0.0,0.425,0.97,1.07
Cam Smith,26.893939393939394,8.143939393939394,0.23446685606060608,0.3989251893939394,0.2928068181818182,0.125,0.03598484848484849,0.008522727272727272,0.028409090909090908,0.6917320075757576,0.97,1.07
Carlos Correa,19.17241379310345,8.689655172413794,0.2817503448275862,0.44288965517241374,0.3391958620689655,0.17793103448275863,0.05103448275862069,0.0,0.022068965517241378,0.7820855172413792,0.97,1.07
Carlos Cortes,17.364016736401673,7.112970711297071,0.24717782426778245,0.38432635983263597,0.31982845188284514,0.15481171548117154,0.0502092050209205,0.006276150627615063,0.029288702928870293,0.7041548117154811,0.97,1.07
Carlos Jorge,28.26086956521739,8.695652173913043,0.21999999999999997,0.312,0.261,0.13043478260869565,0.0,0.021739130434782608,0.021739130434782608,0.573,0.97,1.07
Carlos Narváez,27.628032345013477,8.086253369272239,0.2086935704514364,0.35058960328317373,0.2804177897574124,0.11455525606469003,0.04582210242587601,0.0,0.02425876010781671,0.6310073930405862,0.97,1.07
Carlos Santana,19.198312236286917,10.9704641350211,0.21215199999999998,0.33799199999999996,0.308,0.14556962025316456,0.023206751054852322,0.0,0.023206751054852322,0.6459919999999999,0.97,1.07
Carson Benge,21.571648690292758,7.704160246533126,0.278,0.437,0.344,0.18489984591679506,0.03389830508474576,0.004622496147919877,0.030816640986132512,0.7809999999999999,0.97,1.07
Carson Kelly,18.493150684931507,9.817351598173516,0.24001891252955082,0.39140780141843967,0.330851598173516,0.15753424657534246,0.0319634703196347,0.001141552511415525,0.0319634703196347,0.7222593995919557,0.97,1.07
Carson McCusker,53.333333333333336,3.3333333333333335,0.179,0.289,0.2,0.16666666666666666,0.0,0.0,0.0,0.489,0.97,1.07
Carson Williams,39.04109589041096,5.47945205479452,0.16817808219178085,0.30395890410958903,0.2011917808219178,0.07534246575342465,0.0273972602739726,0.0,0.0410958904109589,0.5051506849315068,0.97,1.07
Carter Jensen,27.083333333333332,11.011904761904763,0.22921875,0.44456249999999997,0.32998214285714284,0.1056547619047619,0.06101190476190476,0.002976190476190476,0.044642857142857144,0.7745446428571428,0.97,1.07
Casey Schmitt,21.66446499339498,5.019815059445178,0.27328929986789957,0.4770620871862616,0.3028388375165125,0.14927344782034346,0.04227212681638045,0.001321003963011889,0.043593130779392336,0.7799009247027742,0.97,1.07
Cavan Biggio,25.301204819277107,13.25301204819277,0.21099999999999997,0.342,0.296,0.10843373493975904,0.024096385542168676,0.0,0.012048192771084338,0.638,0.97,1.07
Ceddanne Rafaela,20.20460358056266,4.43307757885763,0.24546080964685618,0.3893023255813953,0.3047229326513214,0.15601023017902813,0.056265984654731455,0.005967604433077579,0.027280477408354646,0.6940252582327167,0.97,1.07
Cedric Mullins,21.586345381526105,9.337349397590362,0.198,0.324,0.2914999999999999,0.1144578313253012,0.03313253012048193,0.004016064257028112,0.0321285140562249,0.6154999999999999,0.97,1.07
César Prieto,11.428571428571429,2.857142857142857,0.20402439024390245,0.30048780487804877,0.086,0.05714285714285714,0.0,0.0,0.0,0.3864878048780488,0.97,1.07
Chad Stevens,38.23529411764706,14.705882352941178,0.13479166666666667,0.18687499999999999,0.176,0.029411764705882353,0.0,0.0,0.0,0.36287499999999995,0.97,1.07
Chadwick Tromp,25.49019607843137,0.0,0.17249315068493148,0.23508219178082193,0.16,0.13725490196078433,0.0196078431372549,0.0,0.0,0.39508219178082193,0.97,1.07
Chandler Simpson,8.641975308641975,4.368471035137702,0.27523931623931625,0.31333333333333335,0.3300683760683761,0.24406457739791074,0.029439696106362774,0.008547008547008548,0.0,0.6434017094017095,0.97,1.07
Charles McAdoo,24.50980392156863,6.862745098039215,0.24100000000000002,0.335,0.304,0.17647058823529413,0.0392156862745098,0.0,0.0196078431372549,0.639,0.97,1.07
Chas McCormick,26.72413793103448,7.758620689655173,0.228,0.372,0.279,0.12931034482758622,0.04310344827586207,0.0,0.008620689655172414,0.651,0.97,1.07
Chase DeLauter,14.669051878354203,10.73345259391771,0.277,0.427,0.363,0.16636851520572452,0.05366726296958855,0.005366726296958855,0.028622540250447227,0.79,0.97,1.07
Chase Meidroth,18.55400696864111,9.233449477351916,0.24559843205574913,0.34140156794425086,0.3407621951219512,0.17682926829268292,0.04006968641114982,0.0,0.018292682926829267,0.6821637630662021,0.97,1.07
Chris Taylor,33.6,4.0,0.205,0.324,0.256,0.096,0.056,0.0,0.016,0.5800000000000001,0.97,1.07
Christian Encarnacion-Strand,24.857142857142858,4.0,0.23077714285714282,0.45246857142857144,0.28938,0.13428571428571429,0.04857142857142857,0.0,0.04857142857142857,0.7418485714285714,0.97,1.07
Christian Franklin,25.423728813559322,11.864406779661017,0.19199999999999998,0.315,0.305,0.11864406779661017,0.03389830508474576,0.0,0.0,0.62,0.97,1.07
Christian Koss,24.754901960784313,4.411764705882353,0.2348112745098039,0.33924019607843137,0.2840024509803921,0.16666666666666666,0.03676470588235294,0.0,0.01715686274509804,0.6232426470588235,0.97,1.07
Christian Moore,33.333333333333336,8.868501529051988,0.1981896024464832,0.330131498470948,0.27000611620795106,0.11314984709480122,0.027522935779816515,0.0061162079510703364,0.027522935779816515,0.600137614678899,0.97,1.07
Christian Vázquez,18.333333333333332,7.5,0.2016875,0.2848333333333333,0.26545833333333335,0.12916666666666668,0.029166666666666667,0.0,0.020833333333333332,0.5502916666666666,0.97,1.07
Christian Walker,25.511811023622048,7.0078740157480315,0.23002362204724408,0.4146614173228346,0.296007874015748,0.1251968503937008,0.03937007874015748,0.0015748031496062992,0.04330708661417323,0.7106692913385826,0.97,1.07
Christian Yelich,26.230899830220714,10.0169779286927,0.23890877192982457,0.41681052631578946,0.3294736842105263,0.1460101867572156,0.038200339558573854,0.001697792869269949,0.03480475382003396,0.7462842105263158,0.97,1.07
Christopher Morel,35.1219512195122,7.560975609756097,0.2027560975609756,0.3723658536585365,0.27363414634146344,0.11219512195121951,0.04878048780487805,0.0,0.02926829268292683,0.6459999999999999,0.97,1.07
Coby Mayo,29.67914438502674,8.422459893048128,0.2220294117647059,0.43279946524064167,0.29778609625668445,0.11096256684491979,0.040106951871657755,0.004010695187165776,0.04679144385026738,0.7305855614973261,0.97,1.07
Cody Bellinger,14.731785428342674,9.44755804643715,0.2596896551724138,0.4185402298850575,0.33359967974379506,0.1521216973578863,0.041633306645316254,0.006405124099279423,0.03763010408326661,0.7521399096288526,0.97,1.07
Cody Freeman,15.668202764976959,5.990783410138249,0.21555299539170508,0.28751152073732716,0.28675576036866357,0.17050691244239632,0.02304147465437788,0.004608294930875576,0.018433179723502304,0.5742672811059908,0.97,1.07
Colby Thomas,33.99209486166008,4.3478260869565215,0.19295652173913042,0.3684782608695652,0.25169565217391304,0.12648221343873517,0.03162055335968379,0.0,0.039525691699604744,0.6201739130434782,0.97,1.07
Cole Carrigg,23.641304347826086,7.608695652173914,0.25,0.40399999999999997,0.342,0.14945652173913043,0.059782608695652176,0.010869565217391304,0.029891304347826088,0.746,0.97,1.07
Cole Young,17.508417508417512,7.856341189674523,0.24890460157126823,0.38061616161616163,0.30769248035914704,0.1526374859708193,0.029180695847362513,0.005611672278338945,0.02356902356902357,0.6883086419753086,0.97,1.07
Colson Montgomery,33.55119825708061,8.60566448801743,0.209281045751634,0.4243398692810457,0.2923529411764706,0.09477124183006536,0.03594771241830065,0.0010893246187363835,0.05664488017429194,0.7166928104575163,0.97,1.07
Colt Emerson,34.439834024896264,6.224066390041494,0.196,0.3,0.246,0.11203319502074689,0.024896265560165973,0.004149377593360996,0.03319502074688797,0.546,0.97,1.07
Colt Keith,21.035242290748897,8.920704845814978,0.2641212121212121,0.43403030303030304,0.32520484581497805,0.14977973568281938,0.04515418502202643,0.006607929515418502,0.025330396475770924,0.7592351488452811,0.97,1.07
Colton Cowser,33.111702127659576,9.707446808510639,0.2109468085106383,0.40191489361702126,0.2940212765957447,0.11702127659574468,0.031914893617021274,0.0,0.03856382978723404,0.695936170212766,0.97,1.07
Connor Joe,28.0,10.4,0.23076,0.35284000000000004,0.27236,0.104,0.048,0.0,0.008,0.6252,0.97,1.07
Connor Norby,27.6536312849162,8.100558659217876,0.22829608938547483,0.388945530726257,0.3211731843575419,0.14106145251396648,0.055865921787709494,0.0013966480446927375,0.02094972067039106,0.7101187150837989,0.97,1.07
Connor Wong,23.294117647058822,7.764705882352941,0.22044235294117648,0.31340235294117647,0.2882094117647059,0.13411764705882354,0.047058823529411764,0.0,0.009411764705882352,0.6016117647058823,0.97,1.07
Cooper Hummel,29.523809523809526,13.333333333333334,0.196,0.383,0.298,0.11428571428571428,0.0,0.0,0.02857142857142857,0.681,0.97,1.07
Cooper Pratt,17.557251908396946,9.923664122137405,0.265,0.362,0.351,0.1946564885496183,0.026717557251908396,0.007633587786259542,0.011450381679389313,0.713,0.97,1.07
Corbin Carroll,23.206106870229007,10.687022900763358,0.25588091603053437,0.4871862595419847,0.335351145038168,0.10152671755725191,0.04885496183206107,0.025954198473282442,0.04045801526717557,0.8225374045801527,0.97,1.07
Corey Seager,21.664766248574686,11.744583808437856,0.26874458380843785,0.5266374002280502,0.3434446978335234,0.12998859749144812,0.039908779931584946,0.0,0.04561003420752566,0.8700820980615736,0.97,1.07
Curtis Mead,21.247892074198987,9.106239460370995,0.24787015177065766,0.41069983136593596,0.3289595278246205,0.13322091062394603,0.045531197301854974,0.003372681281618887,0.03372681281618887,0.7396593591905565,0.97,1.07
DJ LeMahieu,24.647887323943664,9.859154929577464,0.245,0.338,0.338,0.20422535211267606,0.02112676056338028,0.0,0.014084507042253521,0.676,0.97,1.07
DaShawn Keirsey Jr.,37.5,2.272727272727273,0.1573820224719101,0.23001123595505618,0.138,0.07954545454545454,0.0,0.0,0.022727272727272728,0.3680112359550562,0.97,1.07
Dalton Rushing,32.67813267813268,8.108108108108109,0.23267487684729066,0.40929310344827585,0.30225307125307127,0.12530712530712532,0.04176904176904177,0.0,0.03931203931203931,0.7115461747013472,0.97,1.07
Dane Myers,23.83808095952024,8.995502248875562,0.24149175412293852,0.37547076461769113,0.3175397301349325,0.1679160419790105,0.031484257871064465,0.0,0.020989505247376312,0.6930104947526237,0.97,1.07
Daniel Johnson,22.80701754385965,7.017543859649122,0.24687837837837837,0.3924054054054054,0.246,0.10526315789473684,0.05263157894736842,0.0,0.017543859649122806,0.6384054054054054,0.97,1.07
Daniel Schneemann,28.571428571428573,8.76944837340877,0.21780397727272727,0.37578409090909093,0.279011315417256,0.1173974540311174,0.042432814710042434,0.0014144271570014143,0.02545968882602546,0.6547954063263469,0.97,1.07
Daniel Susac,22.36024844720497,4.968944099378882,0.249,0.369,0.289,0.14285714285714285,0.049689440993788817,0.006211180124223602,0.018633540372670808,0.6579999999999999,0.97,1.07
Danny Jansen,25.13368983957219,10.695187165775401,0.19440998217468808,0.3378342245989304,0.3106185383244207,0.1051693404634581,0.035650623885918005,0.0017825311942959,0.0374331550802139,0.6484527629233512,0.97,1.07
Dansby Swanson,25.60553633217993,8.650519031141869,0.24689884649511978,0.4359423247559893,0.297,0.12889273356401384,0.03546712802768166,0.005190311418685121,0.037197231833910036,0.7329423247559893,0.97,1.07
Darell Hernaiz,15.536723163841808,9.322033898305085,0.23770338983050845,0.31374576271186444,0.3026440677966102,0.1694915254237288,0.022598870056497175,0.0028248587570621464,0.00847457627118644,0.6163898305084746,0.97,1.07
Daulton Varsho,23.120728929384967,6.83371298405467,0.22731994981179424,0.40160351317440396,0.28220273348519365,0.11617312072892938,0.04555808656036447,0.00683371298405467,0.03986332574031891,0.6838062466595975,0.97,1.07
David Fry,31.607629427792915,10.08174386920981,0.1590326975476839,0.27602724795640327,0.2753487738419618,0.09264305177111716,0.027247956403269755,0.0,0.043596730245231606,0.5513760217983651,0.97,1.07
David Hamilton,23.01038062283737,7.7854671280276815,0.21962975778546712,0.31634256055363325,0.2948685121107266,0.14878892733564014,0.029411764705882353,0.006920415224913495,0.01730103806228374,0.6112110726643598,0.97,1.07
Davis Schneider,29.528535980148884,16.87344913151365,0.17316094986807387,0.3592691292875989,0.3408957816377171,0.09181141439205956,0.02977667493796526,0.0,0.04218362282878412,0.7001649109253161,0.97,1.07
Daylen Lile,18.163672654690618,6.087824351297405,0.27276347305389226,0.4464011976047904,0.3151646706586826,0.15069860279441122,0.04291417165668663,0.018962075848303395,0.03093812375249501,0.761565868263473,0.97,1.07
Daz Cameron,30.952380952380953,2.380952380952381,0.22932835820895522,0.39353731343283577,0.214,0.14285714285714285,0.023809523809523808,0.0,0.023809523809523808,0.6075373134328358,0.97,1.07
Denzel Clarke,36.47540983606557,5.737704918032787,0.1867622950819672,0.2742745901639344,0.2593688524590164,0.12704918032786885,0.036885245901639344,0.00819672131147541,0.012295081967213115,0.5336434426229508,0.97,1.07
Denzer Guzman,28.571428571428577,5.247813411078717,0.2196034985422741,0.3273673469387755,0.2588542274052478,0.14285714285714285,0.029154518950437316,0.0,0.029154518950437316,0.5862215743440233,0.97,1.07
Derek Hill,32.054794520547944,6.027397260273973,0.22785753424657537,0.39824657534246577,0.28691780821917806,0.13972602739726028,0.030136986301369864,0.0027397260273972603,0.038356164383561646,0.6851643835616439,0.97,1.07
Deyvison De Los Santos,25.64102564102564,0.0,0.197,0.258,0.154,0.07692307692307693,0.05128205128205128,0.0,0.0,0.41200000000000003,0.97,1.07
Dillon Dingler,23.29136690647482,5.575539568345324,0.2751533457249071,0.4697434944237918,0.31244514388489203,0.14838129496402877,0.044964028776978415,0.0035971223021582736,0.0368705035971223,0.7821886383086838,0.97,1.07
Dominic Canzone,21.670702179176754,8.232445520581114,0.2794002509410289,0.5058381430363865,0.335360774818402,0.15012106537530268,0.04721549636803874,0.004842615012106538,0.04116222760290557,0.8411989178547885,0.97,1.07
Dominic Fletcher,5.88235294117647,5.88235294117647,0.248,0.37,0.265,0.029411764705882353,0.14705882352941177,0.0,0.029411764705882353,0.635,0.97,1.07
Dominic Smith,17.208413001912046,7.265774378585086,0.24459273422562142,0.38660420650095606,0.32160420650095606,0.17782026768642448,0.03441682600382409,0.0019120458891013384,0.02676864244741874,0.7082084130019122,0.97,1.07
Donovan Solano,22.3463687150838,4.4692737430167595,0.223,0.32,0.291,0.18435754189944134,0.0223463687150838,0.00558659217877095,0.01675977653631285,0.611,0.97,1.07
Donovan Walton,16.917293233082706,10.526315789473683,0.24840727272727273,0.3737890909090909,0.361,0.13533834586466165,0.05263157894736842,0.0037593984962406013,0.03383458646616541,0.7347890909090908,0.97,1.07
Drake Baldwin,18.85014137606032,8.765315739868049,0.276057492931197,0.49449104618284634,0.35085391140433553,0.17153628652214892,0.036757775683317624,0.001885014137606032,0.04147031102733271,0.8453449575871819,0.97,1.07
Drew Cavanaugh,29.012345679012345,11.11111111111111,0.239,0.344,0.323,0.16666666666666666,0.024691358024691357,0.006172839506172839,0.006172839506172839,0.667,0.97,1.07
Drew Gilbert,18.03607214428858,9.018036072144291,0.2507334669338678,0.3868016032064128,0.31208817635270547,0.12625250501002003,0.03807615230460922,0.008016032064128256,0.028056112224448898,0.6988897795591182,0.97,1.07
Drew Millas,21.256038647342994,8.695652173913043,0.22392753623188408,0.3005990338164251,0.2985217391304348,0.13043478260869565,0.043478260869565216,0.004830917874396135,0.00966183574879227,0.59912077294686,0.97,1.07
Drew Romo,23.15270935960591,9.852216748768473,0.1852621359223301,0.2887330097087379,0.239,0.06403940886699508,0.024630541871921183,0.0,0.034482758620689655,0.5277330097087378,0.97,1.07
Drew Waters,27.397260273972602,5.0228310502283104,0.232,0.318,0.288,0.182648401826484,0.0273972602739726,0.0136986301369863,0.0045662100456621,0.606,0.97,1.07
Dustin Harris,17.36842105263158,7.368421052631579,0.2548578947368421,0.33844210526315793,0.33027368421052633,0.1736842105263158,0.03684210526315789,0.021052631578947368,0.005263157894736842,0.6687157894736843,0.97,1.07
Dylan Beavers,26.999999999999996,12.2,0.217356,0.37968599999999997,0.32563200000000003,0.12,0.05,0.002,0.026,0.705318,0.97,1.07
Dylan Carlson,22.40663900414938,8.71369294605809,0.21159999999999998,0.35273877551020405,0.278,0.11618257261410789,0.03734439834024896,0.004149377593360996,0.024896265560165973,0.6307387755102041,0.97,1.07
Dylan Crews,23.915900131406044,7.09592641261498,0.23846123521681997,0.4091524310118266,0.28519185282522996,0.12746386333771353,0.035479632063074903,0.003942181340341655,0.030223390275952694,0.6943442838370566,0.97,1.07
Dylan Moore,33.744855967078195,8.23045267489712,0.1854767441860465,0.3173953488372093,0.267,0.11522633744855967,0.0205761316872428,0.0,0.04526748971193416,0.5843953488372093,0.97,1.07
Edgar Quero,18.387096774193548,8.064516129032258,0.23109999999999997,0.33515,0.31585,0.1774193548387097,0.02903225806451613,0.0,0.012903225806451613,0.651,0.97,1.07
Edmundo Sosa,21.568627450980394,3.3333333333333335,0.2600414201183432,0.41623076923076924,0.29449411764705885,0.15490196078431373,0.043137254901960784,0.0058823529411764705,0.03725490196078431,0.7107248868778281,0.97,1.07
Edouard Julien,27.272727272727273,12.603305785123966,0.2448512396694215,0.41088429752066113,0.31641322314049586,0.13016528925619836,0.03925619834710744,0.002066115702479339,0.012396694214876033,0.7272975206611569,0.97,1.07
Eduardo Valencia,23.134328358208954,4.477611940298507,0.285,0.53,0.383,0.16417910447761194,0.1044776119402985,0.0,0.05223880597014925,0.913,0.97,1.07
Edwin Arroyo,23.75,3.75,0.268,0.348,0.266,0.175,0.025,0.00625,0.0,0.614,0.97,1.07
Eli White,24.210526315789473,4.631578947368421,0.24155157894736842,0.3911936842105263,0.27816,0.14736842105263157,0.035789473684210524,0.008421052631578947,0.03368421052631579,0.6693536842105263,0.97,1.07
Elias Díaz,25.433526011560694,5.780346820809249,0.208011583011583,0.3399227799227799,0.2668169556840077,0.12716763005780346,0.038535645472061654,0.0,0.030828516377649325,0.6067397356067876,0.97,1.07
Elly De La Cruz,26.736370425690815,10.53024645257655,0.26524492862509397,0.46341096919609315,0.3496318147871546,0.14787154592979837,0.04555638536221061,0.008961911874533234,0.038834951456310676,0.8130427839832477,0.97,1.07
Eloy Jiménez,20.0,8.571428571428571,0.214,0.289,0.343,0.2571428571428571,0.0,0.0,0.0,0.632,0.97,1.07
Emmanuel Rivera,18.89763779527559,4.724409448818897,0.246,0.312,0.291,0.2047244094488189,0.031496062992125984,0.0,0.0,0.603,0.97,1.07
Emmanuel Rodriguez,33.33333333333333,6.25,0.251,0.534,0.229,0.0625,0.041666666666666664,0.020833333333333332,0.041666666666666664,0.763,0.97,1.07
Endy Rodríguez,25.462962962962962,12.962962962962964,0.23101388888888888,0.37318055555555557,0.33948611111111116,0.12962962962962962,0.046296296296296294,0.0,0.032407407407407406,0.7126666666666668,0.97,1.07
Enmanuel Valdez,15.686274509803921,10.784313725490197,0.254,0.411,0.294,0.10784313725490197,0.0392156862745098,0.0196078431372549,0.0196078431372549,0.705,0.97,1.07
Enrique Hernández,28.639618138424822,6.682577565632458,0.22153714285714285,0.38836,0.26536515513126496,0.12410501193317422,0.03818615751789976,0.0,0.03579952267303103,0.653725155131265,0.97,1.07
Eric Haase,36.64596273291925,6.211180124223603,0.19452173913043477,0.3543043478260869,0.2608260869565217,0.09937888198757763,0.037267080745341616,0.0,0.037267080745341616,0.6151304347826085,0.97,1.07
Eric Wagaman,19.787985865724384,6.360424028268551,0.2560600706713781,0.41557950530035337,0.2935194346289753,0.1519434628975265,0.04946996466431095,0.00530035335689046,0.019434628975265017,0.7090989399293286,0.97,1.07
Ernie Clement,9.664848012470772,3.897116134060795,0.25026368159203977,0.33799004975124375,0.30621434138737336,0.18472330475448168,0.05767731878409977,0.003117692907248636,0.014809041309431021,0.644204391138617,0.97,1.07
Esmerlyn Valdez,37.63066202090592,14.634146341463415,0.2,0.44,0.345,0.08362369337979095,0.04878048780487805,0.003484320557491289,0.059233449477351915,0.7849999999999999,0.97,1.07
Esteury Ruiz,32.27091633466135,9.9601593625498,0.17390875912408757,0.2933576642335766,0.331,0.10358565737051793,0.04780876494023904,0.00398406374501992,0.02390438247011952,0.6243576642335766,0.97,1.07
Ethan Salas,22.5,2.5,0.188,0.316,0.275,0.175,0.0,0.025,0.05,0.591,0.97,1.07
Eugenio Suárez,31.75787728026534,8.457711442786069,0.2066883116883117,0.42678181818181815,0.30112935323383083,0.09203980099502487,0.03897180762852405,0.0,0.06467661691542288,0.727911171415649,0.97,1.07
Evan Carter,23.031203566121846,9.806835066864785,0.21744130757800892,0.33307578008915306,0.30369093610698367,0.12184249628528974,0.03417533432392273,0.007429420505200594,0.020802377414561663,0.6367667161961368,0.97,1.07
Everson Pereira,35.32608695652174,7.065217391304348,0.1871467391304348,0.3619130434782609,0.2732934782608696,0.10326086956521739,0.03260869565217391,0.0,0.03804347826086957,0.6352065217391305,0.97,1.07
Ezequiel Duran,24.014778325123153,6.650246305418719,0.23590886699507388,0.3497721674876847,0.3076268472906404,0.15270935960591134,0.050492610837438424,0.0049261083743842365,0.020935960591133004,0.6573990147783251,0.97,1.07
Ezequiel Tovar,25.41993281075028,5.599104143337066,0.2412855543113102,0.4015711086226204,0.27653863381858906,0.13997760358342665,0.04591265397536394,0.004479283314669653,0.02463605823068309,0.6781097424412095,0.97,1.07
Felix Reyes,23.684210526315788,0.0,0.229,0.314,0.158,0.10526315789473684,0.02631578947368421,0.0,0.02631578947368421,0.472,0.97,1.07
Fernando Tatis Jr.,18.678977272727273,10.9375,0.28411182795698925,0.4940559139784946,0.361,0.1612215909090909,0.04190340909090909,0.0035511363636363635,0.03551136363636364,0.8550559139784946,0.97,1.07
Francisco Alvarez,28.98134863701578,9.469153515064562,0.22960258249641322,0.4333845050215208,0.32212769010043046,0.13773314203730272,0.03730272596843615,0.0014347202295552368,0.03873744619799139,0.7555121951219512,0.97,1.07
Francisco Lindor,18.896321070234112,9.19732441471572,0.2510769230769231,0.4435250836120401,0.33048160535117055,0.1354515050167224,0.039297658862876256,0.0033444816053511705,0.042642140468227424,0.7740066889632107,0.97,1.07
Freddie Freeman,19.030124908155766,9.992652461425422,0.2797423887587822,0.4654683840749415,0.364,0.16531961792799413,0.055841293166789124,0.002204261572373255,0.03085966201322557,0.8294683840749415,0.97,1.07
Freddy Fermin,19.547657512116317,6.462035541195476,0.22300000000000003,0.3268571428571429,0.2871938610662359,0.14862681744749595,0.045234248788368334,0.0,0.014539579967689823,0.6140510039233789,0.97,1.07
Gabriel Arias,35.82802547770701,5.573248407643312,0.21566504854368934,0.3821456310679612,0.2760429936305733,0.13535031847133758,0.044585987261146494,0.0031847133757961785,0.025477707006369428,0.6581886246985345,0.97,1.07
Gabriel Moreno,15.5011655011655,10.48951048951049,0.2853986013986014,0.4517202797202797,0.3753951048951049,0.1794871794871795,0.05244755244755245,0.002331002331002331,0.029137529137529136,0.8271153846153847,0.97,1.07
Gabriel Rincones Jr.,32.58426966292135,2.247191011235955,0.15,0.276,0.202,0.0898876404494382,0.0449438202247191,0.0,0.02247191011235955,0.47800000000000004,0.97,1.07
Gage Workman,41.46341463414634,0.0,0.22962068965517243,0.472,0.171,0.024390243902439025,0.0975609756097561,0.0,0.04878048780487805,0.643,0.97,1.07
Garrett Hampson,31.86813186813186,12.087912087912088,0.15,0.194,0.25,0.0989010989010989,0.02197802197802198,0.0,0.0,0.444,0.97,1.07
Garrett Mitchell,31.735537190082646,10.909090909090908,0.26210082644628097,0.4307206611570248,0.34436198347107433,0.13884297520661157,0.05619834710743802,0.008264462809917356,0.01818181818181818,0.7750826446280992,0.97,1.07
Garrett Stubbs,23.076923076923077,4.615384615384616,0.175,0.21243939393939393,0.215,0.13846153846153847,0.0,0.0,0.0,0.4274393939393939,0.97,1.07
Gary Sánchez,22.849462365591396,13.440860215053764,0.22543010752688172,0.40133064516129036,0.33633870967741936,0.10215053763440861,0.03225806451612903,0.002688172043010753,0.043010752688172046,0.7376693548387097,0.97,1.07
Gavin Lux,22.593320235756384,11.00196463654224,0.243,0.336,0.352,0.17288801571709234,0.0550098231827112,0.003929273084479371,0.009823182711198428,0.688,0.97,1.07
Gavin Sheets,19.93801652892562,9.607438016528926,0.2473950103950104,0.41875571725571725,0.31427685950413226,0.125,0.045454545454545456,0.0010330578512396695,0.03615702479338843,0.7330325767598496,0.97,1.07
George Lombard Jr.,26.50602409638554,6.024096385542169,0.24,0.388,0.285,0.14457831325301204,0.024096385542168676,0.006024096385542169,0.04216867469879518,0.673,0.97,1.07
George Springer,18.877551020408163,10.289115646258503,0.2662089009990917,0.4816584922797457,0.36103146258503405,0.15136054421768708,0.0467687074829932,0.002551020408163265,0.04336734693877551,0.8426899548647797,0.97,1.07
George Valera,24.73118279569892,8.602150537634408,0.18965116279069766,0.2576744186046512,0.2902258064516129,0.10752688172043011,0.06451612903225806,0.0,0.03225806451612903,0.5479002250562641,0.97,1.07
Geraldo Perdomo,12.106017191977077,13.538681948424069,0.2687994269340974,0.39010315186246414,0.37931518624641836,0.15974212034383956,0.03796561604584527,0.01002865329512894,0.020773638968481375,0.7694183381088825,0.97,1.07
Giancarlo Stanton,32.186732186732186,9.336609336609337,0.23754641909814322,0.5062493368700265,0.3325651105651106,0.13022113022113022,0.03931203931203931,0.0,0.06633906633906635,0.8388144474351371,0.97,1.07
Gio Urshela,20.304568527918782,6.598984771573606,0.251,0.349,0.287,0.14213197969543148,0.07106598984771574,0.005076142131979695,0.0,0.6359999999999999,0.97,1.07
Gleyber Torres,17.679558011049725,13.351749539594843,0.2621870229007634,0.4243282442748092,0.3590939226519337,0.16114180478821363,0.03406998158379374,0.0,0.02302025782688766,0.7834221669267429,0.97,1.07
Graham Pauley,21.856287425149702,8.682634730538922,0.20907784431137727,0.32907784431137727,0.286748502994012,0.11077844311377245,0.05389221556886228,0.005988023952095809,0.023952095808383235,0.6158263473053893,0.97,1.07
Grant McCray,30.0,12.222222222222221,0.1970862068965517,0.34513793103448276,0.253,0.06666666666666667,0.022222222222222223,0.011111111111111112,0.022222222222222223,0.5981379310344828,0.97,1.07
Griffin Conine,29.135802469135804,10.123456790123457,0.250841975308642,0.47042962962962964,0.34550617283950613,0.145679012345679,0.037037037037037035,0.0,0.04938271604938271,0.8159358024691358,0.97,1.07
Gunnar Henderson,21.65558019216556,9.534368070953438,0.2604345898004435,0.4125476718403548,0.32928381374722837,0.13747228381374724,0.0450849963045085,0.008130081300813009,0.030303030303030304,0.7418314855875832,0.97,1.07
Gustavo Campero,21.21212121212121,7.575757575757576,0.23253846153846153,0.3748461538461539,0.273,0.09090909090909091,0.015151515151515152,0.0,0.045454545454545456,0.647846153846154,0.97,1.07
Ha-Seong Kim,22.75449101796407,8.982035928143713,0.20603592814371258,0.29263473053892214,0.2641826347305389,0.1317365269461078,0.014970059880239521,0.0029940119760479044,0.014970059880239521,0.556817365269461,0.97,1.07
Hao-Yu Lee,23.61111111111111,8.333333333333332,0.236,0.396,0.326,0.15555555555555556,0.05277777777777778,0.005555555555555556,0.027777777777777776,0.722,0.97,1.07
Harrison Bader,27.75974025974026,6.98051948051948,0.21909313725490198,0.3727303921568627,0.3217905844155844,0.14772727272727273,0.04707792207792208,0.0016233766233766235,0.03571428571428571,0.6945209765724472,0.97,1.07
Harry Ford,24.56140350877193,14.035087719298245,0.184,0.3297540983606558,0.307,0.07894736842105263,0.05263157894736842,0.0,0.02631578947368421,0.6367540983606558,0.97,1.07
Hayden Senger,28.205128205128204,3.8461538461538463,0.2033684210526316,0.3138421052631579,0.221,0.15384615384615385,0.01282051282051282,0.0,0.0,0.5348421052631579,0.97,1.07
Héctor Rodríguez,26.351351351351347,4.72972972972973,0.199,0.333,0.277,0.14189189189189189,0.02702702702702703,0.013513513513513514,0.04054054054054054,0.6100000000000001,0.97,1.07
Heliot Ramos,24.53825857519789,7.299912049252419,0.2474423922603342,0.428273526824978,0.3190589270008795,0.15391380826737028,0.03869832893579595,0.0043975373790677225,0.02990325417766051,0.7473324538258574,0.97,1.07
Henry Bolte,28.14498933901919,8.315565031982942,0.247,0.377,0.362,0.18336886993603413,0.03411513859275053,0.0042643923240938165,0.023454157782515993,0.739,0.97,1.07
Henry Davis,23.924268502581757,7.917383820998279,0.20581927710843373,0.3648932874354561,0.25349053356282275,0.0963855421686747,0.022375215146299483,0.0,0.029259896729776247,0.6183838209982788,0.97,1.07
Heriberto Hernández,26.415094339622645,10.440251572327044,0.24036981132075472,0.4536867924528302,0.3243132075471698,0.12955974842767295,0.035220125786163514,0.0037735849056603774,0.042767295597484274,0.778,0.97,1.07
Heston Kjerstad,26.94610778443114,3.592814371257485,0.2295698924731183,0.3764946236559139,0.24,0.11377245508982035,0.029940119760479042,0.011976047904191617,0.023952095808383235,0.6164946236559139,0.97,1.07
Hunter Feduccia,25.071225071225072,11.965811965811966,0.22444444444444445,0.3440769230769231,0.29994017094017095,0.1225071225071225,0.039886039886039885,0.002849002849002849,0.008547008547008548,0.6440170940170941,0.97,1.07
Hunter Goodman,28.37249782419495,6.788511749347259,0.23555091383812013,0.46051958224543077,0.31704699738903397,0.13054830287206268,0.04177545691906005,0.006092254134029591,0.06266318537859007,0.7775665796344647,0.97,1.07
Hunter Renfroe,19.444444444444443,7.4074074074074066,0.193,0.319,0.241,0.1111111111111111,0.05555555555555555,0.0,0.0,0.56,0.97,1.07
Hyeseong Kim,27.574750830564785,6.312292358803987,0.23840863787375413,0.32292691029900333,0.3179169435215947,0.19933554817275748,0.029900332225913623,0.006644518272425249,0.013289036544850499,0.640843853820598,0.97,1.07
Ian Happ,26.37528259231349,12.81085154483798,0.2325935085007728,0.4253037094281298,0.3316224566691786,0.11077618688771665,0.045968349660889224,0.002260738507912585,0.03692539562923888,0.7569261660973083,0.97,1.07
Ildemaro Vargas,10.543657331136737,4.7775947281713345,0.2668039538714992,0.3655914332784185,0.29680395387149916,0.17627677100494235,0.03459637561779242,0.009884678747940691,0.019769357495881382,0.6623953871499176,0.97,1.07
Isaac Collins,22.77432712215321,12.525879917184264,0.2309163179916318,0.3282939330543933,0.33854244306418224,0.12836438923395446,0.047619047619047616,0.006211180124223602,0.015527950310559006,0.6668363761185756,0.97,1.07
Isaac Paredes,15.004574565416286,10.978956999085087,0.24159194876486734,0.3764043915827996,0.3567941445562672,0.14089661482159194,0.0384263494967978,0.0018298261665141812,0.04117108874656908,0.7331985361390667,0.97,1.07
Isiah Kiner-Falefa,15.835777126099707,5.425219941348973,0.24813551401869158,0.30827570093457946,0.29785483870967744,0.18181818181818182,0.04105571847507331,0.0029325513196480934,0.005865102639296188,0.6061305396442569,0.97,1.07
Iván Herrera,18.969957081545065,10.128755364806867,0.2584755364806867,0.42673819742489266,0.3607596566523605,0.15278969957081545,0.03347639484978541,0.0008583690987124463,0.03261802575107296,0.7874978540772531,0.97,1.07
J.C. Escarra,16.842105263157894,8.947368421052632,0.2199263157894737,0.32914736842105263,0.26839999999999997,0.10526315789473684,0.05263157894736842,0.005263157894736842,0.010526315789473682,0.5975473684210526,0.97,1.07
J.P. Crawford,18.871103622577927,11.962931760741364,0.2523578947368421,0.3749157894736842,0.3414962089300758,0.15585509688289806,0.031171019376579612,0.0,0.02274641954507161,0.71641199840376,0.97,1.07
J.T. Realmuto,22.42718446601942,6.990291262135922,0.25117176702862787,0.399573543928924,0.3011660194174757,0.14271844660194175,0.04466019417475728,0.001941747572815534,0.02330097087378641,0.7007395633463998,0.97,1.07
JJ Bleday,23.84180790960452,12.203389830508474,0.22267457627118645,0.39084745762711864,0.3111163841807909,0.10282485875706214,0.03728813559322034,0.0022598870056497176,0.04293785310734463,0.7019638418079095,0.97,1.07
JJ Wetherholt,16.80129240710824,10.339256865912763,0.255,0.435,0.339,0.1583198707592892,0.024232633279483037,0.0,0.027463651050080775,0.774,0.97,1.07
Jac Caglianone,24.96798975672215,6.530089628681178,0.2686325224071702,0.47880025608194626,0.3087003841229194,0.13956466069142126,0.04737516005121639,0.0038412291933418692,0.03841229193341869,0.7875006402048657,0.97,1.07
Jace Jung,29.09090909090909,12.727272727272727,0.18923076923076923,0.24869230769230768,0.236,0.09090909090909091,0.0,0.0,0.0,0.48469230769230764,0.97,1.07
Jack Suwinski,32.02247191011236,13.48314606741573,0.195,0.376,0.281,0.06741573033707865,0.03932584269662921,0.0,0.016853932584269662,0.657,0.97,1.07
Jackson Chourio,22.12908633696563,6.538139145012574,0.2548618307426598,0.44958549222797917,0.3270779547359598,0.15926236378876782,0.054484492875104776,0.003352891869237217,0.040234702430846606,0.776663446963939,0.97,1.07
Jackson Holliday,22.333000997008973,8.97308075772682,0.23923529411764705,0.38564705882352945,0.3090588235294118,0.15254237288135594,0.03290129611166501,0.003988035892323031,0.023928215353938187,0.6947058823529413,0.97,1.07
Jackson Merrill,23.295944779982744,6.471095772217429,0.267052310374891,0.49057890148212724,0.30940638481449523,0.1449525452976704,0.0457290767903365,0.009490940465918895,0.03710094909404659,0.7999852862966225,0.97,1.07
Jacob Amaya,21.91780821917808,4.10958904109589,0.174,0.227,0.139,0.0821917808219178,0.0136986301369863,0.0,0.0,0.366,0.97,1.07
Jacob Gonzalez,18.83408071748879,4.932735426008969,0.251,0.402,0.275,0.13452914798206278,0.04035874439461883,0.0,0.03139013452914798,0.677,0.97,1.07
Jacob Melton,37.17948717948718,7.6923076923076925,0.177,0.275,0.23400000000000004,0.1282051282051282,0.0,0.01282051282051282,0.0,0.5090000000000001,0.97,1.07
Jacob Stallings,31.007751937984494,4.651162790697675,0.17,0.234,0.195,0.09302325581395349,0.031007751937984496,0.0,0.0,0.42900000000000005,0.97,1.07
Jacob Wilson,9.069767441860465,4.534883720930233,0.27112209302325585,0.3565546511627906,0.3326639534883721,0.20116279069767443,0.04883720930232558,0.0011627906976744186,0.023255813953488372,0.6892186046511627,0.97,1.07
Jacob Young,17.087845968712394,7.2202166064981945,0.25975210589651027,0.3640986762936222,0.3083634175691937,0.1588447653429603,0.03850782190132371,0.0048134777376654635,0.01444043321299639,0.6724620938628159,0.97,1.07
Jahmai Jones,27.32732732732732,11.111111111111109,0.25781155015197565,0.4844316109422493,0.3454714714714715,0.11411411411411411,0.05405405405405406,0.006006006006006006,0.03903903903903904,0.8299030824137208,0.97,1.07
Jake Bauers,26.923076923076923,15.756823821339948,0.24632070707070708,0.4627979797979799,0.3793498759305211,0.13027295285359802,0.03970223325062035,0.0024813895781637717,0.04218362282878412,0.8421478557285009,0.97,1.07
Jake Burger,26.008064516129032,6.85483870967742,0.23482258064516132,0.44322580645161286,0.29073387096774195,0.12903225806451613,0.038306451612903226,0.0010080645161290322,0.04435483870967742,0.7339596774193549,0.97,1.07
Jake Cronenworth,21.775898520084567,11.099365750528541,0.22005882352941175,0.33233689839572195,0.33502536997885835,0.1427061310782241,0.03488372093023256,0.0021141649048625794,0.019027484143763214,0.6673622683745803,0.97,1.07
Jake Fraley,24.84076433121019,10.828025477707007,0.23193630573248408,0.3572611464968153,0.31871656050955416,0.1305732484076433,0.050955414012738856,0.0,0.025477707006369428,0.6759777070063695,0.97,1.07
Jake Mangum,17.386489479512736,4.872646733111848,0.247843853820598,0.3323178294573644,0.32947397563676634,0.21040974529346623,0.04097452934662237,0.0033222591362126247,0.008859357696566999,0.6617918050941307,0.97,1.07
Jake McCarthy,16.584766584766584,4.914004914004914,0.26372727272727275,0.4001818181818182,0.31172727272727274,0.15601965601965603,0.045454545454545456,0.022113022113022112,0.02334152334152334,0.7119090909090909,0.97,1.07
Jake Meyers,18.352059925093634,7.677902621722846,0.25066292134831464,0.3780730337078652,0.3293595505617977,0.18726591760299627,0.04119850187265917,0.003745318352059925,0.011235955056179775,0.7074325842696629,0.97,1.07
Jake Rogers,28.662420382165607,12.101910828025476,0.18143450479233228,0.3073418530351438,0.2787324840764331,0.08917197452229299,0.028662420382165606,0.009554140127388535,0.022292993630573247,0.5860743371115769,0.97,1.07
Jakob Marsee,20.470588235294116,11.764705882352942,0.2445623529411765,0.36373176470588237,0.35212941176470586,0.1376470588235294,0.04352941176470588,0.011764705882352941,0.018823529411764704,0.7158611764705882,0.97,1.07
James McCann,25.08361204013378,4.682274247491639,0.23845819397993312,0.4199197324414715,0.3180401337792642,0.1705685618729097,0.04013377926421405,0.0,0.04013377926421405,0.7379598662207357,0.97,1.07
James Outman,42.138364779874216,6.918238993710692,0.16013836477987423,0.31907547169811323,0.2261572327044025,0.06918238993710692,0.02830188679245283,0.009433962264150943,0.03459119496855346,0.5452327044025157,0.97,1.07
James Wood,30.428134556574925,14.220183486238533,0.26467889908256886,0.5199747706422019,0.3684564220183486,0.12155963302752294,0.05198776758409786,0.0007645259938837921,0.046636085626911315,0.8884311926605505,0.97,1.07
Jared Triolo,19.94572591587517,9.090909090909092,0.24046947082767978,0.35067164179104476,0.3095305291723202,0.14925373134328357,0.0407055630936228,0.0027137042062415195,0.013568521031207599,0.660202170963365,0.97,1.07
Jared Young,20.30848329048843,6.940874035989717,0.24407969151670952,0.40676606683804634,0.31840102827763495,0.14395886889460155,0.04627249357326478,0.007712082262210797,0.033419023136246784,0.7251670951156812,0.97,1.07
Jarred Kelenic,36.486486486486484,10.135135135135135,0.20947972972972972,0.4103581081081081,0.2769864864864865,0.12837837837837837,0.02702702702702703,0.0,0.02027027027027027,0.6873445945945946,0.97,1.07
Jarren Duran,25.72298325722983,7.686453576864536,0.24288018433179726,0.4002258064516129,0.3009452054794521,0.1248097412480974,0.0426179604261796,0.0136986301369863,0.0273972602739726,0.701171011931065,0.97,1.07
Jase Bowen,39.39393939393939,3.0303030303030303,0.197,0.32700000000000007,0.194,0.09090909090909091,0.020202020202020204,0.010101010101010102,0.020202020202020204,0.5210000000000001,0.97,1.07
Jason Heyward,21.052631578947366,6.315789473684211,0.201,0.291,0.22299999999999998,0.11578947368421053,0.021052631578947368,0.0,0.021052631578947368,0.514,0.97,1.07
Jasson Domínguez,24.999999999999996,7.822085889570552,0.2414331797235023,0.3679539170506912,0.31052760736196316,0.15030674846625766,0.04754601226993865,0.0015337423312883436,0.024539877300613498,0.6784815244126543,0.97,1.07
Javier Báez,22.972972972972975,2.5525525525525525,0.23372151898734175,0.34845569620253164,0.28129129129129127,0.16666666666666666,0.046546546546546545,0.006006006006006006,0.024024024024024024,0.6297469874938229,0.97,1.07
Javier Sanoja,9.66183574879227,5.555555555555555,0.2633260869565217,0.350804347826087,0.31576086956521743,0.15942028985507245,0.06521739130434782,0.010869565217391304,0.020531400966183576,0.6665652173913044,0.97,1.07
Jazz Chisholm Jr.,28.49264705882353,10.753676470588236,0.2249915333960489,0.4234459078080903,0.32119852941176474,0.12775735294117646,0.02849264705882353,0.003676470588235294,0.046875,0.7446444372198551,0.97,1.07
Jeff McNeil,11.65644171779141,8.1799591002045,0.26863803680981596,0.37600613496932517,0.3244478527607362,0.15644171779141106,0.044989775051124746,0.005112474437627812,0.02147239263803681,0.7004539877300613,0.97,1.07
Jeimer Candelario,31.86813186813186,9.89010989010989,0.13338738738738737,0.24087387387387388,0.198,0.054945054945054944,0.02197802197802198,0.0,0.02197802197802198,0.4388738738738739,0.97,1.07
Jerar Encarnacion,25.274725274725274,2.197802197802198,0.2306153846153846,0.3656923076923077,0.20861538461538465,0.12087912087912088,0.04395604395604396,0.0,0.02197802197802198,0.5743076923076924,0.97,1.07
Jeremiah Jackson,25.0,4.411764705882353,0.23061764705882354,0.38807563025210084,0.278140756302521,0.14495798319327732,0.04411764705882353,0.004201680672268907,0.031512605042016806,0.6662163865546218,0.97,1.07
Jeremy Peña,20.294117647058822,5.784313725490196,0.269064705882353,0.4324676470588235,0.3452294117647059,0.17647058823529413,0.04803921568627451,0.00392156862745098,0.03823529411764706,0.7776970588235295,0.97,1.07
Jesse Winker,25.925925925925927,11.11111111111111,0.207,0.355,0.309,0.09876543209876543,0.06172839506172839,0.024691358024691357,0.012345679012345678,0.6639999999999999,0.97,1.07
Jesús Rodríguez,13.793103448275861,8.620689655172415,0.267,0.355,0.316,0.1206896551724138,0.05172413793103448,0.0,0.034482758620689655,0.671,0.97,1.07
Jesús Sánchez,22.783251231527093,7.389162561576355,0.24704310344827585,0.43246551724137927,0.3067155172413793,0.14039408866995073,0.0480295566502463,0.0049261083743842365,0.027093596059113302,0.7391810344827585,0.97,1.07
Jhonkensy Noel,35.256410256410255,2.564102564102564,0.161,0.287,0.179,0.10256410256410256,0.01282051282051282,0.0,0.038461538461538464,0.46599999999999997,0.97,1.07
Jhonny Pereda,22.857142857142858,9.142857142857142,0.2527542857142857,0.34429714285714286,0.3394114285714286,0.18857142857142858,0.04,0.0,0.011428571428571429,0.6837085714285714,0.97,1.07
Jhostynxon Garcia,32.0,2.0,0.21174999999999997,0.2923,0.2,0.14,0.02,0.0,0.0,0.4923,0.97,1.07
Jim Jarvis,18.548387096774192,6.451612903225806,0.234,0.304,0.267,0.12903225806451613,0.04032258064516129,0.008064516129032258,0.008064516129032258,0.571,0.97,1.07
Jimmy Crooks,33.33333333333333,4.615384615384616,0.19493333333333335,0.3786,0.23070256410256407,0.08717948717948718,0.03076923076923077,0.005128205128205128,0.03076923076923077,0.609302564102564,0.97,1.07
Jo Adell,25.061025223759152,5.370219690805533,0.25733116354759966,0.48975183075671275,0.2946013018714401,0.13181448331977216,0.03580146460537022,0.0016273393002441008,0.04800650935720097,0.7843531326281529,0.97,1.07
Joc Pederson,22.62872628726287,11.246612466124661,0.23246341463414633,0.42343902439024395,0.31075609756097566,0.10298102981029811,0.02981029810298103,0.0040650406504065045,0.04742547425474255,0.7341951219512196,0.97,1.07
Joe Mack,24.848484848484848,5.757575757575758,0.225,0.396,0.282,0.14545454545454545,0.02727272727272727,0.0,0.04242424242424243,0.6779999999999999,0.97,1.07
Joey Bart,27.82608695652174,10.217391304347826,0.2167130434782609,0.37499130434782607,0.34108695652173915,0.15217391304347827,0.034782608695652174,0.002173913043478261,0.017391304347826087,0.7160782608695653,0.97,1.07
Joey Loperfido,26.106194690265486,7.964601769911504,0.24610222222222225,0.3677422222222222,0.3407345132743363,0.16371681415929204,0.048672566371681415,0.004424778761061947,0.022123893805309734,0.7084767354965584,0.97,1.07
Joey Ortiz,16.949152542372882,6.885593220338983,0.24409880564603692,0.33556134636264934,0.29773940677966104,0.1663135593220339,0.03389830508474576,0.005296610169491525,0.01694915254237288,0.6333007531423104,0.97,1.07
Joey Wiemer,36.111111111111114,9.722222222222221,0.22716666666666663,0.3951736111111111,0.34759027777777773,0.13194444444444445,0.04861111111111111,0.006944444444444444,0.041666666666666664,0.7427638888888888,0.97,1.07
Johan Rojas,23.25581395348837,7.558139534883719,0.22700000000000004,0.298,0.28,0.16279069767441862,0.01744186046511628,0.011627906976744186,0.005813953488372093,0.5780000000000001,0.97,1.07
John Peck,20.77922077922078,11.688311688311687,0.228,0.358,0.286,0.12987012987012986,0.012987012987012988,0.0,0.0,0.6439999999999999,0.97,1.07
John Rave,25.0,10.416666666666666,0.23231249999999998,0.369125,0.2978541666666667,0.11607142857142858,0.03869047619047619,0.002976190476190476,0.02976190476190476,0.6669791666666667,0.97,1.07
Johnathan Rodríguez,30.0,7.5,0.21081521739130435,0.33627173913043473,0.25,0.0875,0.05,0.0125,0.025,0.5862717391304347,0.97,1.07
Jon Berti,20.560747663551396,4.672897196261682,0.253,0.323,0.262,0.17757009345794392,0.018691588785046728,0.0,0.0,0.585,0.97,1.07
Jonah Bride,31.2,8.799999999999999,0.17293129770992366,0.23494656488549617,0.248,0.136,0.016,0.0,0.0,0.48294656488549614,0.97,1.07
Jonah Cox,38.18181818181819,6.0606060606060606,0.21299999999999997,0.326,0.306,0.1696969696969697,0.024242424242424242,0.012121212121212121,0.024242424242424242,0.632,0.97,1.07
Jonah Heim,19.198055893074116,7.168894289185905,0.2227910085054678,0.35310814094775206,0.26673511543134876,0.12150668286755771,0.040097205346294046,0.0,0.02916160388821385,0.6198432563791008,0.97,1.07
Jonatan Clase,25.0,8.928571428571429,0.2086058394160584,0.32749635036496355,0.288,0.14285714285714285,0.026785714285714284,0.0,0.017857142857142856,0.6154963503649635,0.97,1.07
Jonathan Aranda,24.72426470588235,10.110294117647058,0.2683511029411765,0.4678658088235294,0.3709632352941177,0.17555147058823528,0.04411764705882353,0.0,0.03308823529411765,0.8388290441176471,0.97,1.07
Jonathan India,19.04,9.92,0.23196799999999998,0.3697408,0.32179359999999996,0.1328,0.048,0.0,0.0176,0.6915343999999999,0.97,1.07
Jonny DeLuca,21.41176470588235,4.470588235294118,0.23391529411764705,0.3212494117647059,0.30605176470588236,0.17176470588235293,0.058823529411764705,0.007058823529411765,0.021176470588235293,0.6273011764705883,0.97,1.07
Jorbit Vivas,15.348837209302328,10.69767441860465,0.2379953488372093,0.3123767441860465,0.3210232558139535,0.14186046511627906,0.03953488372093023,0.002325581395348837,0.009302325581395349,0.6334,0.97,1.07
Jordan Beck,29.973821989528794,7.329842931937173,0.2261623036649215,0.37081151832460735,0.3029476439790576,0.14659685863874344,0.04581151832460733,0.009162303664921467,0.02225130890052356,0.673759162303665,0.97,1.07
Jordan Lawlar,31.40096618357488,5.314009661835748,0.22533816425120776,0.3601787439613527,0.2961932367149759,0.11594202898550725,0.057971014492753624,0.004830917874396135,0.028985507246376812,0.6563719806763286,0.97,1.07
Jordan Walker,28.234183191690278,7.459867799811143,0.24205949008498584,0.4256062322946175,0.309929178470255,0.1510859301227573,0.04343720491029273,0.0009442870632672333,0.033050047214353166,0.7355354107648725,0.97,1.07
Jordan Westburg,22.727272727272727,4.829545454545454,0.254,0.46199999999999997,0.313,0.16761363636363635,0.028409090909090908,0.002840909090909091,0.048295454545454544,0.7749999999999999,0.97,1.07
Jorge Alfaro,35.8974358974359,0.0,0.24099999999999996,0.33,0.256,0.20512820512820512,0.05128205128205128,0.0,0.0,0.5860000000000001,0.97,1.07
Jorge Barrosa,27.2,7.6,0.165,0.249228,0.250656,0.076,0.05999999999999999,0.004,0.012,0.499884,0.97,1.07
Jorge Mateo,32.89036544850498,4.983388704318937,0.20538538205980067,0.3274252491694352,0.2365548172757475,0.12624584717607973,0.036544850498338874,0.0,0.019933554817275746,0.5639800664451827,0.97,1.07
Jorge Polanco,18.030513176144247,7.6282940360610265,0.24931091180866968,0.42498654708520184,0.296866851595007,0.12205270457697642,0.049930651872399444,0.0,0.04299583911234397,0.7218533986802088,0.97,1.07
Jorge Soler,31.36094674556213,9.319526627218934,0.20506804733727807,0.37364940828402365,0.29193195266272187,0.10502958579881656,0.04142011834319527,0.0014792899408284023,0.03550295857988166,0.6655813609467456,0.97,1.07
Jose Altuve,18.16693944353519,7.855973813420622,0.23095744680851066,0.3565761047463175,0.3187741407528642,0.1579378068739771,0.03927986906710311,0.0024549918166939444,0.03436988543371522,0.6753502454991818,0.97,1.07
Jose Barrero,29.03225806451613,3.225806451612903,0.11770270270270271,0.1955135135135135,0.194,0.06451612903225806,0.03225806451612903,0.0,0.03225806451612903,0.3895135135135135,0.97,1.07
José Caballero,25.270758122743683,9.14560770156438,0.22296852300242131,0.3325520581113801,0.3125631768953069,0.14320096269554752,0.03730445246690734,0.0012033694344163659,0.02286401925391095,0.645115235006687,0.97,1.07
José Fermín,13.53211009174312,8.715596330275229,0.2540137614678899,0.34265596330275233,0.3224357798165137,0.15825688073394495,0.05045871559633028,0.0,0.016055045871559634,0.665091743119266,0.97,1.07
Jose Fernandez,22.624434389140273,4.97737556561086,0.246,0.34400000000000003,0.301,0.18099547511312217,0.04072398190045249,0.0,0.013574660633484163,0.645,0.97,1.07
José Herrera,23.03921568627451,11.27450980392157,0.16899999999999998,0.225,0.285,0.11274509803921569,0.029411764705882353,0.0,0.00980392156862745,0.51,0.97,1.07
Jose Iglesias,16.231884057971012,6.956521739130435,0.24,0.313,0.296,0.16231884057971013,0.03188405797101449,0.0,0.008695652173913044,0.609,0.97,1.07
José Miranda,36.11111111111111,0.0,0.0,0.0,0.167,0.1388888888888889,0.0,0.0,0.027777777777777776,0.167,0.97,1.07
José Ramírez,11.798209926769731,10.577705451586656,0.2759539852095316,0.4214149548069023,0.3434092758340114,0.14239218877135884,0.04963384865744508,0.002441008950366152,0.03417412530512612,0.7648242306409136,0.97,1.07
Jose Siri,34.03508771929825,6.666666666666667,0.2093263157894737,0.4011578947368421,0.27708421052631577,0.12280701754385964,0.042105263157894736,0.0,0.031578947368421054,0.6782421052631579,0.97,1.07
José Tena,27.789934354485776,9.190371991247265,0.22913566739606128,0.3558074398249453,0.30643763676148794,0.12472647702407003,0.05689277899343545,0.0087527352297593,0.015317286652078774,0.6622450765864332,0.97,1.07
Jose Trevino,14.847161572052402,3.493449781659389,0.2321222707423581,0.33456331877729256,0.2546288209606987,0.14847161572052403,0.05021834061135371,0.0,0.019650655021834062,0.5891921397379913,0.97,1.07
Josh Bell,18.189655172413794,9.310344827586206,0.256,0.4617577586206897,0.3212163793103448,0.14396551724137932,0.03793103448275862,0.0017241379310344827,0.03620689655172414,0.7829741379310344,0.97,1.07
Josh Jung,21.884816753926703,6.492146596858639,0.26359685863874344,0.42608795811518324,0.3270094240837696,0.16963350785340314,0.05235602094240838,0.0020942408376963353,0.027225130890052355,0.7530973821989528,0.97,1.07
Josh Lowe,27.39018087855297,7.493540051679586,0.22461240310077518,0.36994186046511635,0.2786201550387597,0.12144702842377261,0.041343669250646,0.002583979328165375,0.029715762273901807,0.648562015503876,0.97,1.07
Josh Naylor,12.91314373558801,7.455803228285934,0.26855039999999997,0.4066768,0.33713143735588,0.18754803996925443,0.04073789392774789,0.0007686395080707148,0.02536510376633359,0.7438082373558801,0.97,1.07
Josh Rojas,19.692307692307693,7.384615384615385,0.20268615384615382,0.29061846153846155,0.2576123076923077,0.12615384615384614,0.04,0.0,0.012307692307692308,0.5482307692307693,0.97,1.07
Josh Smith,19.37888198757764,9.937888198757763,0.23407329192546583,0.3521714285714286,0.32207329192546585,0.14906832298136646,0.034782608695652174,0.0037267080745341614,0.01987577639751553,0.6742447204968944,0.97,1.07
Joshua Báez,30.555555555555557,3.7037037037037033,0.212,0.446,0.278,0.08333333333333333,0.06481481481481481,0.0,0.06481481481481481,0.724,0.97,1.07
Joshua Kuroda-Grauer,14.285714285714285,2.857142857142857,0.295,0.386,0.4,0.24285714285714285,0.1,0.0,0.014285714285714285,0.786,0.97,1.07
Joshua Palacios,24.82758620689655,8.275862068965518,0.22199999999999998,0.359,0.292,0.1310344827586207,0.027586206896551724,0.0,0.020689655172413793,0.651,0.97,1.07
Josue De Paula,11.904761904761903,26.190476190476197,0.311,0.496,0.5,0.11904761904761904,0.07142857142857142,0.023809523809523808,0.023809523809523808,0.996,0.97,1.07
Juan Brito,22.52252252252252,6.306306306306307,0.244,0.377,0.306,0.15315315315315314,0.05405405405405406,0.0,0.02702702702702703,0.683,0.97,1.07
Juan Soto,16.946308724832214,17.197986577181208,0.2908011744966443,0.5935939597315436,0.3964001677852349,0.1325503355704698,0.026006711409395974,0.0025167785234899327,0.0587248322147651,0.9899941275167785,0.97,1.07
Julio Rodríguez,22.277227722772277,6.930693069306931,0.2675673289183223,0.46133038999264164,0.31703323903818953,0.1485148514851485,0.04172560113154172,0.0028288543140028285,0.04101838755304102,0.7783636290308311,0.97,1.07
Jung Hoo Lee,10.702341137123746,6.354515050167224,0.2823252508361204,0.3835476588628763,0.3236112040133779,0.1688963210702341,0.051839464882943144,0.013377926421404682,0.015050167224080268,0.7071588628762542,0.97,1.07
Junior Caminero,18.69918699186992,8.869179600886918,0.2643126385809313,0.5004826311899483,0.33686844050258685,0.13895048041389504,0.03917220990391722,0.0007390983000739098,0.06430155210643015,0.8373510716925352,0.97,1.07
Junior Perez,38.88888888888889,2.7777777777777777,0.206,0.516,0.194,0.08333333333333333,0.0,0.0,0.08333333333333333,0.71,0.97,1.07
Jurickson Profar,15.902964959568733,12.93800539083558,0.231,0.391,0.353,0.12668463611859837,0.0431266846361186,0.0026954177897574125,0.03773584905660377,0.744,0.97,1.07
Justin Crawford,17.787418655097614,5.856832971800434,0.256,0.328,0.31,0.1822125813449024,0.04121475054229935,0.010845986984815618,0.006507592190889371,0.638,0.97,1.07
Justin Foscue,25.203252032520325,6.910569105691057,0.24310588235294117,0.4314941176470588,0.333,0.14634146341463414,0.052845528455284556,0.0040650406504065045,0.044715447154471545,0.7644941176470588,0.97,1.07
Justin Turner,19.170984455958546,8.808290155440414,0.237,0.35999999999999993,0.29,0.14507772020725387,0.03626943005181347,0.0,0.015544041450777202,0.6499999999999999,0.97,1.07
Justyn-Henry Malloy,25.78125,15.625,0.201,0.316,0.344,0.125,0.046875,0.0,0.0078125,0.6599999999999999,0.97,1.07
Kaelen Culpepper,20.32520325203252,4.878048780487805,0.245,0.364,0.333,0.18699186991869918,0.04065040650406504,0.0,0.024390243902439025,0.6970000000000001,0.97,1.07
Kahlil Watson,35.16483516483517,3.2967032967032965,0.209,0.33,0.264,0.15384615384615385,0.06593406593406594,0.0,0.01098901098901099,0.5940000000000001,0.97,1.07
Kameron Misner,32.95019157088122,6.896551724137931,0.19248275862068964,0.29271647509578547,0.27013409961685825,0.13409961685823754,0.038314176245210725,0.0038314176245210726,0.019157088122605363,0.5628505747126438,0.97,1.07
Kazuma Okamoto,28.593996840442337,9.162717219589258,0.225,0.447,0.31,0.11532385466034756,0.04107424960505529,0.0,0.052132701421800945,0.757,0.97,1.07
Ke\'Bryan Hayes,19.437652811735944,5.990220048899755,0.0,0.0,0.2594865525672371,0.15158924205378974,0.022004889975550123,0.004889975550122249,0.012224938875305624,0.2594865525672371,0.97,1.07
Keibert Ruiz,10.144927536231885,3.864734299516908,0.25731884057971016,0.3641111111111111,0.299231884057971,0.17391304347826086,0.057971014492753624,0.0,0.01932367149758454,0.6633429951690821,0.97,1.07
Kerry Carpenter,25.19685039370079,5.6430446194225725,0.23767081604426005,0.45538589211618263,0.292502624671916,0.12335958005249344,0.031496062992125984,0.009186351706036745,0.05380577427821522,0.7478885167880986,0.97,1.07
Ketel Marte,14.370748299319727,9.77891156462585,0.28025510204081633,0.49235034013605444,0.3443673469387755,0.13860544217687074,0.050170068027210885,0.002551020408163265,0.04251700680272109,0.83671768707483,0.97,1.07
Kevin McGonigle,14.0625,13.494318181818182,0.264,0.444,0.375,0.16477272727272727,0.03977272727272727,0.007102272727272727,0.024147727272727272,0.819,0.97,1.07
Kevin Newman,19.82758620689655,0.8620689655172413,0.211,0.283,0.209,0.16379310344827586,0.017241379310344827,0.0,0.017241379310344827,0.492,0.97,1.07
Kevin Pillar,18.6046511627907,0.0,0.209,0.295,0.209,0.16279069767441862,0.046511627906976744,0.0,0.0,0.504,0.97,1.07
Kody Clemens,22.797927461139896,7.046632124352332,0.249,0.45780000000000004,0.2918,0.11295336787564766,0.035233160621761656,0.011398963730569948,0.04766839378238342,0.7496,0.97,1.07
Konnor Griffin,24.47761194029851,5.970149253731343,0.258,0.3990000000000001,0.322,0.1761194029850746,0.04477611940298507,0.011940298507462687,0.014925373134328358,0.7210000000000001,0.97,1.07
Korey Lee,17.5,10.0,0.185,0.284,0.333,0.125,0.075,0.0,0.025,0.617,0.97,1.07
Kris Bryant,31.70731707317073,4.878048780487805,0.159,0.301,0.195,0.0975609756097561,0.04878048780487805,0.0,0.0,0.496,0.97,1.07
Kristian Campbell,27.376425855513308,11.02661596958175,0.221,0.338,0.319,0.13307984790874525,0.03802281368821293,0.0,0.022813688212927757,0.657,0.97,1.07
Kyle Farmer,22.0,5.666666666666666,0.22917981072555207,0.3495141955835962,0.28,0.13666666666666666,0.04666666666666667,0.0,0.02666666666666667,0.6295141955835962,0.97,1.07
Kyle Higashioka,23.196881091617932,7.60233918128655,0.22792397660818717,0.3784093567251462,0.29643859649122806,0.14035087719298245,0.03508771929824561,0.001949317738791423,0.03508771929824561,0.6748479532163743,0.97,1.07
Kyle Isbel,20.192307692307693,5.21978021978022,0.22131456043956046,0.2943818681318681,0.28522527472527476,0.1620879120879121,0.034340659340659344,0.006868131868131868,0.013736263736263736,0.5796071428571429,0.97,1.07
Kyle Karros,22.169059011164276,11.004784688995217,0.240555023923445,0.369421052631579,0.33804784688995215,0.1467304625199362,0.03987240829346093,0.004784688995215311,0.022328548644338118,0.7074688995215311,0.97,1.07
Kyle Manzardo,28.031145717463847,9.454949944382648,0.2223945885005637,0.41771476888387826,0.30781201334816466,0.11790878754171301,0.03225806451612903,0.0033370411568409346,0.04449388209121246,0.7255267822320429,0.97,1.07
Kyle Schwarber,29.48539638386648,14.881780250347704,0.24213802816901409,0.5344366197183098,0.35815994436717663,0.0917941585535466,0.029902642559109873,0.002086230876216968,0.07162726008344923,0.8925965640854865,0.97,1.07
Kyle Stowers,29.514963880288956,10.319917440660475,0.244921568627451,0.4841620227038184,0.3484499484004128,0.12487100103199174,0.04953560371517028,0.007223942208462332,0.047471620227038186,0.8326119711042312,0.97,1.07
Kyle Teel,29.024943310657598,12.698412698412698,0.22851020408163264,0.40261224489795916,0.362265306122449,0.15192743764172337,0.031746031746031744,0.0,0.02947845804988662,0.7648775510204082,0.97,1.07
Kyle Tucker,15.827338129496402,13.589128697042366,0.26234618539786714,0.43707711238720265,0.3541286970423661,0.13509192645883294,0.03836930455635491,0.006394884092725819,0.0319744204636291,0.7912058094295688,0.97,1.07
Kyren Paris,42.142857142857146,7.142857142857142,0.16377215189873418,0.3255569620253165,0.266,0.09285714285714286,0.02857142857142857,0.007142857142857143,0.04285714285714286,0.5915569620253165,0.97,1.07
LaMonte Wade Jr.,24.289405684754524,11.886304909560723,0.19863049095607235,0.3082609819121447,0.28561240310077524,0.10077519379844961,0.03617571059431524,0.00516795865633075,0.015503875968992248,0.5938733850129199,0.97,1.07
Lane Thomas,26.550387596899224,11.24031007751938,0.2187364341085271,0.339406976744186,0.2981860465116279,0.11046511627906977,0.040697674418604654,0.0,0.029069767441860465,0.6375930232558139,0.97,1.07
Lars Nootbaar,20.481927710843372,12.048192771084338,0.23750602409638555,0.4144578313253012,0.3315060240963856,0.13691128148959475,0.0416210295728368,0.002190580503833516,0.023001095290251915,0.7459638554216868,0.97,1.07
Lawrence Butler,27.21030042918455,10.300429184549357,0.23689536878216125,0.3962984562607204,0.314725321888412,0.13047210300429185,0.04206008583690987,0.0034334763948497852,0.03261802575107296,0.7110237781491324,0.97,1.07
Lazaro Montes,40.67796610169492,11.864406779661017,0.195,0.446,0.305,0.0847457627118644,0.03389830508474576,0.0,0.06779661016949153,0.751,0.97,1.07
Lenyn Sosa,22.99546142208775,2.874432677760969,0.2557428139183056,0.4454054462934947,0.27777760968229953,0.16338880484114976,0.04084720121028744,0.0015128593040847202,0.03479576399394856,0.7231830559757942,0.97,1.07
Leo Bernal,25.510204081632654,5.1020408163265305,0.267,0.463,0.316,0.19387755102040816,0.030612244897959183,0.0,0.04081632653061224,0.779,0.97,1.07
Leo Jimenez,20.353982300884955,8.849557522123895,0.23492035398230088,0.3334513274336283,0.2809380530973451,0.12389380530973451,0.017699115044247787,0.0,0.01327433628318584,0.6143893805309735,0.97,1.07
Leo Rivas,26.618705035971225,14.388489208633093,0.1767509727626459,0.24668482490272375,0.31480575539568345,0.1223021582733813,0.017985611510791366,0.0035971223021582736,0.007194244604316547,0.5614905802984071,0.97,1.07
Leody Taveras,26.283987915407856,6.948640483383686,0.2099214501510574,0.31945619335347436,0.27114199395770394,0.13141993957703926,0.03625377643504532,0.010574018126888218,0.01661631419939577,0.5905981873111783,0.97,1.07
Liam Hicks,11.808510638297872,10.53191489361702,0.25394680851063833,0.35468085106382974,0.3577021276595745,0.17340425531914894,0.02872340425531915,0.002127659574468085,0.02553191489361702,0.7123829787234042,0.97,1.07
Liover Peguero,28.40909090909091,6.818181818181817,0.177,0.295,0.273,0.125,0.011363636363636364,0.0,0.045454545454545456,0.5680000000000001,0.97,1.07
Logan Davidson,46.808510638297875,6.382978723404255,0.135,0.24,0.22199999999999998,0.0851063829787234,0.0425531914893617,0.0,0.02127659574468085,0.46199999999999997,0.97,1.07
Logan O\'Hoppe,28.41379310344828,5.655172413793103,0.0,0.0,0.26442482758620695,0.14344827586206896,0.023448275862068966,0.001379310344827586,0.031724137931034485,0.26442482758620695,0.97,1.07
Lourdes Gurriel Jr.,15.261044176706827,5.4886211512717535,0.25008032128514057,0.39093975903614453,0.28396787148594377,0.14323962516733604,0.04417670682730924,0.002677376171352075,0.028112449799196786,0.6749076305220882,0.97,1.07
LuJames Groover,20.37037037037037,9.25925925925926,0.215,0.328,0.259,0.09259259259259259,0.037037037037037035,0.0,0.018518518518518517,0.587,0.97,1.07
Lucas Spence,37.93103448275862,6.896551724137931,0.199,0.395,0.276,0.08620689655172414,0.034482758620689655,0.0,0.06896551724137931,0.671,0.97,1.07
Luis Arraez,3.7257824143070044,5.0670640834575265,0.287984962406015,0.3698947368421053,0.33476154992548435,0.20864381520119224,0.04694485842026826,0.00819672131147541,0.010432190760059613,0.7046562867675896,0.97,1.07
Luis Campusano,21.224489795918366,11.83673469387755,0.22372058823529412,0.36282352941176477,0.363,0.1510204081632653,0.04897959183673469,0.0,0.0326530612244898,0.7258235294117648,0.97,1.07
Luis García Jr.,16.931711880261926,4.864359214218896,0.27846024321796076,0.47812722170252564,0.2991590271281571,0.14967259120673526,0.050514499532273154,0.005612722170252572,0.04303086997193639,0.7772862488306828,0.97,1.07
Luis Lara,21.69811320754717,8.49056603773585,0.256,0.33099999999999996,0.311,0.16981132075471697,0.03773584905660377,0.009433962264150943,0.0047169811320754715,0.6419999999999999,0.97,1.07
Luis Matos,14.673913043478262,5.978260869565218,0.20670731707317072,0.34423414634146343,0.266,0.10869565217391304,0.04891304347826087,0.005434782608695652,0.043478260869565216,0.6102341463414634,0.97,1.07
Luis Rengifo,17.094972067039105,7.4860335195530725,0.2572312849162011,0.3631340782122905,0.29965698324022344,0.16759776536312848,0.03128491620111732,0.0033519553072625698,0.01452513966480447,0.6627910614525139,0.97,1.07
Luis Robert Jr.,25.264750378214828,9.68229954614221,0.24356429652042358,0.4232163388804841,0.2980438729198185,0.13313161875945537,0.025718608169440244,0.0,0.037821482602118005,0.7212602118003026,0.97,1.07
Luis Torrens,20.357142857142858,6.428571428571429,0.25273035714285713,0.41047142857142854,0.28993571428571424,0.1357142857142857,0.05,0.0017857142857142857,0.025,0.7004071428571428,0.97,1.07
Luis Urías,14.138817480719792,9.511568123393316,0.23445501285347045,0.34675835475578404,0.3160616966580977,0.14910025706940874,0.02570694087403599,0.0,0.028277634961439587,0.6628200514138818,0.97,1.07
Luis Vázquez,26.41509433962264,5.660377358490566,0.22,0.378,0.208,0.11320754716981132,0.018867924528301886,0.0,0.018867924528301886,0.586,0.97,1.07
Luisangel Acuña,19.32367149758454,5.314009661835748,0.2408719806763285,0.31181159420289856,0.2753840579710145,0.18115942028985507,0.026570048309178744,0.0,0.004830917874396135,0.587195652173913,0.97,1.07
Luke Keaschall,14.11192214111922,9.245742092457421,0.254021897810219,0.3712664233576642,0.3745182481751825,0.17518248175182483,0.051094890510948905,0.004866180048661801,0.017031630170316305,0.7457846715328467,0.97,1.07
Luke Maile,30.303030303030305,11.11111111111111,0.20645454545454545,0.3216363636363636,0.2996363636363636,0.12121212121212122,0.04040404040404041,0.0,0.020202020202020204,0.6212727272727272,0.97,1.07
Luke Raley,31.11545988258317,6.653620352250489,0.2333893280632411,0.43060079051383404,0.29846575342465753,0.11545988258317025,0.033268101761252444,0.0019569471624266144,0.03718199608610567,0.7290665439384916,0.97,1.07
Luke Williams,26.47058823529412,2.941176470588235,0.17971428571428572,0.2214857142857143,0.176,0.058823529411764705,0.058823529411764705,0.0,0.0,0.39748571428571433,0.97,1.07
Luken Baker,24.390243902439025,17.073170731707318,0.2077608695652174,0.35143478260869565,0.366,0.12195121951219512,0.07317073170731707,0.0,0.0,0.7174347826086956,0.97,1.07
MJ Melendez,34.92822966507177,9.569377990430622,0.15698086124401914,0.2995837320574163,0.26492822966507173,0.07177033492822966,0.03349282296650718,0.004784688995215311,0.023923444976076555,0.5645119617224881,0.97,1.07
Maikel Garcia,13.320079522862823,9.145129224652088,0.27431013916500996,0.4030735586481113,0.34356461232604374,0.16500994035785288,0.05864811133200795,0.007952286282306162,0.018886679920477135,0.746638170974155,0.97,1.07
Manny Machado,20.293040293040292,9.743589743589743,0.2565321507760532,0.4575831485587583,0.3181648351648352,0.1347985347985348,0.040293040293040296,0.0,0.04249084249084249,0.7757479837235934,0.97,1.07
Marcell Ozuna,25.68807339449541,13.876146788990825,0.23322018348623852,0.4290550458715597,0.3328440366972477,0.125,0.02981651376146789,0.0,0.033256880733944956,0.7618990825688075,0.97,1.07
Marcelo Mayer,24.137931034482758,6.896551724137931,0.2016896551724138,0.3115623342175066,0.27391777188328914,0.1273209549071618,0.04774535809018567,0.002652519893899204,0.01856763925729443,0.5854801061007957,0.97,1.07
Marcus Semien,18.198700092850512,8.820798514391829,0.241991643454039,0.3854206128133705,0.2923955431754875,0.14020427112349118,0.027855153203342618,0.0018570102135561746,0.027855153203342618,0.677816155988858,0.97,1.07
Mark Canha,19.2,5.6000000000000005,0.214,0.303,0.272,0.16,0.024,0.0,0.008,0.575,0.97,1.07
Mark Vientos,24.53825857519789,5.936675461741426,0.24016226912928762,0.43238918205804744,0.27693535620052767,0.12269129287598944,0.04221635883905013,0.002638522427440633,0.0395778364116095,0.7093245382585751,0.97,1.07
Martín Maldonado,35.40372670807454,4.968944099378882,0.192,0.344,0.245,0.12422360248447205,0.037267080745341616,0.0,0.024844720496894408,0.589,0.97,1.07
Masataka Yoshida,11.394891944990176,7.465618860510806,0.26526693227091636,0.3769003984063745,0.33408840864440076,0.17485265225933203,0.05304518664047151,0.0019646365422396855,0.01768172888015717,0.7109888070507753,0.97,1.07
Masyn Winn,20.39289055191768,7.670720299345183,0.242488306828812,0.3380420954162769,0.30900467726847525,0.1580916744621141,0.04490177736202058,0.0018709073900841909,0.013096351730589336,0.6470467726847522,0.97,1.07
Matt Chapman,23.337091319052988,12.17587373167982,0.22990417136414884,0.3781093573844419,0.3336505073280721,0.11837655016910936,0.046223224351747465,0.0033821871476888386,0.03156708004509583,0.7117598647125141,0.97,1.07
Matt Gorski,38.095238095238095,2.380952380952381,0.194,0.379,0.214,0.11904761904761904,0.0,0.023809523809523808,0.047619047619047616,0.593,0.97,1.07
Matt McLain,28.7569573283859,9.647495361781075,0.213,0.36200000000000004,0.28956679035250465,0.11781076066790354,0.03432282003710575,0.0009276437847866419,0.027829313543599257,0.6515667903525046,0.97,1.07
Matt Mervis,37.3134328358209,8.208955223880597,0.145,0.266,0.254,0.07462686567164178,0.029850746268656716,0.0,0.05223880597014925,0.52,0.97,1.07
Matt Olson,24.366197183098592,10.91549295774648,0.24801971830985914,0.49739154929577467,0.3444338028169014,0.1267605633802817,0.0528169014084507,0.0014084507042253522,0.04929577464788732,0.8418253521126761,0.97,1.07
Matt Shaw,20.63732928679818,9.559939301972685,0.2341839622641509,0.36749056603773583,0.30536115326251895,0.11836115326251896,0.04552352048558422,0.009104704097116844,0.027314112291350532,0.6728517193002548,0.97,1.07
Matt Thaiss,24.210526315789473,15.263157894736842,0.197,0.299,0.34900000000000003,0.1368421052631579,0.031578947368421054,0.005263157894736842,0.005263157894736842,0.648,0.97,1.07
Matt Vierling,18.67007672634271,6.649616368286446,0.25446547314578005,0.3950664961636829,0.26906649616368283,0.13043478260869565,0.04092071611253197,0.0076726342710997444,0.015345268542199489,0.6641329923273658,0.97,1.07
Matt Wallner,31.688804554079695,10.62618595825427,0.20148766603415563,0.40887096774193554,0.29767931688804555,0.07590132827324478,0.036053130929791274,0.0056925996204933585,0.04933586337760911,0.7065502846299812,0.97,1.07
Matthew Lugo,34.285714285714285,0.0,0.19441176470588234,0.3306470588235294,0.24299999999999997,0.12857142857142856,0.02857142857142857,0.014285714285714285,0.05714285714285714,0.5736470588235294,0.97,1.07
Mauricio Dubón,11.352418558736426,5.824284304047384,0.259142152023692,0.35649851924975323,0.3078203356367226,0.1727541954590326,0.04837117472852912,0.0029615004935834156,0.017769002961500493,0.6643188548864758,0.97,1.07
Maverick Handley,38.297872340425535,4.25531914893617,0.12435416666666667,0.18995833333333334,0.133,0.06382978723404255,0.0,0.0,0.0,0.32295833333333335,0.97,1.07
Max Clark,20.297029702970296,8.91089108910891,0.268,0.351,0.35699999999999993,0.15841584158415842,0.054455445544554455,0.01485148514851485,0.01485148514851485,0.708,0.97,1.07
Max Kepler,20.031545741324923,9.779179810725552,0.23550403877221324,0.41793537964458805,0.29208044164037855,0.11198738170347003,0.04258675078864353,0.0015772870662460567,0.031545741324921134,0.7100158212849665,0.97,1.07
Max Muncy,23.715415019762847,13.636363636363637,0.2391779661016949,0.4775635593220339,0.3570671936758893,0.11561264822134387,0.037549407114624504,0.0029644268774703555,0.05039525691699605,0.8346307529979232,0.97,1.07
Max Muncy,23.715415019762847,13.636363636363637,0.2295103092783505,0.43253092783505154,0.3570671936758893,0.11561264822134387,0.037549407114624504,0.0029644268774703555,0.05039525691699605,0.7895981215109409,0.97,1.07
Max Muncy,23.715415019762847,13.636363636363637,0.22954761904761906,0.4416369047619048,0.3570671936758893,0.11561264822134387,0.037549407114624504,0.0029644268774703555,0.05039525691699605,0.7987040984377941,0.97,1.07
Max Muncy,23.715415019762847,13.636363636363637,0.21145238095238095,0.36032539682539677,0.3570671936758893,0.11561264822134387,0.037549407114624504,0.0029644268774703555,0.05039525691699605,0.7173925905012861,0.97,1.07
Max Schuemann,18.666666666666668,11.333333333333334,0.22217000000000003,0.33458000000000004,0.30602,0.11333333333333333,0.03333333333333333,0.006666666666666667,0.013333333333333334,0.6406000000000001,0.97,1.07
Maximo Acosta,27.868852459016388,9.836065573770492,0.248,0.473,0.295,0.11475409836065574,0.01639344262295082,0.0,0.04918032786885246,0.768,0.97,1.07
Michael A. Taylor,33.84615384615385,7.076923076923077,0.186,0.38,0.259,0.08923076923076922,0.06153846153846154,0.003076923076923077,0.027692307692307693,0.639,0.97,1.07
Michael Arroyo,15.0,12.5,0.314,0.426,0.425,0.225,0.05,0.0,0.025,0.851,0.97,1.07
Michael Busch,23.157894736842106,11.353383458646617,0.24621632024634338,0.4685373364126252,0.34978421052631575,0.13007518796992482,0.039097744360902256,0.005263157894736841,0.04360902255639098,0.8183215469389409,0.97,1.07
Michael Conforto,25.28301886792453,11.446540880503145,0.23377735849056605,0.4197169811320754,0.31471698113207547,0.10440251572327044,0.045283018867924525,0.0,0.033962264150943396,0.7344339622641509,0.97,1.07
Michael Harris II,19.572107765451666,3.090332805071315,0.2788256735340729,0.4571909667194928,0.2940800316957211,0.16719492868462757,0.0491283676703645,0.005546751188589541,0.03645007923930269,0.7512709984152139,0.97,1.07
Michael Helman,18.620689655172416,5.517241379310345,0.17506896551724135,0.2990344827586207,0.2767241379310345,0.10344827586206896,0.041379310344827586,0.006896551724137931,0.041379310344827586,0.5757586206896552,0.97,1.07
Michael Massey,16.18655692729767,4.11522633744856,0.24978052126200276,0.38816186556927296,0.2897009602194787,0.1755829903978052,0.04663923182441701,0.0013717421124828531,0.02194787379972565,0.6778628257887517,0.97,1.07
Michael Toglia,39.16913946587537,8.30860534124629,0.19777260273972602,0.3433287671232877,0.258,0.09198813056379822,0.04451038575667656,0.002967359050445104,0.032640949554896145,0.6013287671232876,0.97,1.07
Mickey Gasper,17.611940298507466,11.044776119402986,0.22207462686567164,0.3773432835820895,0.3241641791044776,0.11940298507462686,0.029850746268656716,0.0029850746268656717,0.03582089552238806,0.7015074626865672,0.97,1.07
Mickey Moniak,25.641025641025642,4.9052396878483835,0.23615496098104796,0.44442140468227426,0.2923901895206243,0.1282051282051282,0.04124860646599777,0.01560758082497213,0.05239687848383501,0.7368115942028985,0.97,1.07
Miguel Amaya,25.21246458923513,7.648725212464589,0.21283852691218133,0.3448413597733711,0.33028895184135976,0.13031161473087818,0.056657223796033995,0.0,0.028328611898016998,0.6751303116147309,0.97,1.07
Miguel Andujar,14.666666666666666,4.833333333333333,0.2611344537815126,0.3800117647058824,0.33010333333333336,0.18166666666666667,0.06166666666666667,0.005,0.025,0.7101150980392157,0.97,1.07
Miguel Rojas,12.627986348122867,6.6552901023890785,0.2621978798586572,0.37119787985865726,0.3154505119453925,0.1621160409556314,0.05802047781569966,0.0,0.020477815699658702,0.6866483918040498,0.97,1.07
Miguel Vargas,17.75333857030636,12.333071484681854,0.2513786331500393,0.45621916732128825,0.3419921445404556,0.1178318931657502,0.04948939512961508,0.002356637863315004,0.0384917517674784,0.7982113118617439,0.97,1.07
Mike Tauchman,22.337662337662337,11.688311688311689,0.244,0.382,0.356,0.15844155844155844,0.04415584415584416,0.0025974025974025974,0.023376623376623377,0.738,0.97,1.07
Mike Trout,28.823529411764707,16.30252100840336,0.24612268907563023,0.480926050420168,0.3712537815126051,0.11848739495798319,0.03361344537815126,0.0008403361344537816,0.040336134453781515,0.8521798319327731,0.97,1.07
Mike Yastrzemski,21.30977130977131,11.746361746361746,0.23658004158004156,0.39716216216216216,0.3241808731808732,0.11954261954261955,0.04781704781704782,0.002079002079002079,0.030145530145530147,0.7213430353430353,0.97,1.07
Miles Mastrobuoni,19.41747572815534,9.223300970873785,0.2559756097560976,0.3427073170731707,0.31020388349514566,0.18446601941747573,0.019417475728155338,0.0,0.0048543689320388345,0.6529112005683164,0.97,1.07
Mitch Garver,29.241071428571427,11.830357142857142,0.20390888382687927,0.36081776765375856,0.2993303571428571,0.12053571428571429,0.017857142857142856,0.004464285714285714,0.029017857142857144,0.6601481247966157,0.97,1.07
Moisés Ballesteros,22.781774580335732,9.112709832134291,0.2308985507246377,0.3700144927536232,0.29771942446043165,0.14628297362110312,0.02877697841726619,0.002398081534772182,0.026378896882494004,0.6677339172140548,0.97,1.07
Mookie Betts,10.472440944881889,9.291338582677165,0.2723086627417999,0.4286358284272498,0.327,0.15196850393700786,0.04094488188976378,0.002362204724409449,0.03385826771653543,0.7556358284272497,0.97,1.07
Munetaka Murakami,35.51912568306011,16.757741347905284,0.202,0.465,0.348,0.07650273224043716,0.0273224043715847,0.0018214936247723133,0.06375227686703097,0.813,0.97,1.07
Myles Straw,15.193798449612403,7.286821705426358,0.252,0.35455271565495206,0.3050279069767442,0.15658914728682172,0.05116279069767442,0.0031007751937984496,0.010852713178294573,0.6595806226316963,0.97,1.07
Nacho Alvarez Jr.,23.557692307692307,5.769230769230769,0.228,0.30799999999999994,0.296,0.14423076923076922,0.057692307692307696,0.0,0.009615384615384616,0.6039999999999999,0.97,1.07
Nasim Nuñez,20.481927710843372,9.81067125645439,0.2238502581755594,0.2878846815834768,0.29279173838209976,0.16006884681583478,0.012048192771084338,0.0051635111876075735,0.008605851979345954,0.5806764199655765,0.97,1.07
Nate Eaton,22.727272727272727,9.74025974025974,0.21635135135135133,0.3352162162162162,0.3335194805194805,0.15584415584415584,0.045454545454545456,0.0,0.012987012987012988,0.6687356967356968,0.97,1.07
Nate Furman,25.64102564102564,12.82051282051282,0.16,0.191,0.24300000000000002,0.10256410256410256,0.0,0.0,0.0,0.43400000000000005,0.97,1.07
Nathan Church,18.455743879472692,5.273069679849341,0.23687947269303203,0.3456967984934086,0.2873483992467043,0.16195856873822975,0.03389830508474576,0.003766478342749529,0.02071563088512241,0.6330451977401129,0.97,1.07
Nathan Lukes,14.01673640167364,7.112970711297071,0.2584932432432433,0.36970270270270267,0.32488284518828453,0.17468619246861924,0.0397489539748954,0.0020920502092050207,0.02301255230125523,0.6945855478909873,0.97,1.07
Nathaniel Lowe,24.879923150816524,9.606147934678194,0.24461895551257257,0.3993056092843327,0.31030739673390967,0.13064361191162344,0.043227665706051875,0.002881844380403458,0.03362151777137368,0.7096130060182424,0.97,1.07
Nelson Velázquez,33.6283185840708,7.964601769911504,0.232,0.486,0.257,0.07964601769911504,0.035398230088495575,0.0,0.05309734513274336,0.743,0.97,1.07
Nick Allen,22.703639514731368,7.105719237435009,0.2196048526863085,0.2682790294627383,0.2948821490467938,0.17677642980935876,0.029462738301559793,0.0,0.005199306759098787,0.5631611785095321,0.97,1.07
Nick Castellanos,23.415977961432507,5.09641873278237,0.2423431786216596,0.4066272855133614,0.27840495867768594,0.14325068870523416,0.046831955922865015,0.0027548209366391185,0.028925619834710745,0.6850322441910474,0.97,1.07
Nick Fortes,16.0427807486631,4.634581105169341,0.22978431372549019,0.32598039215686275,0.30282352941176466,0.1586452762923351,0.04634581105169341,0.0017825311942959,0.0196078431372549,0.6288039215686274,0.97,1.07
Nick Gonzales,16.99604743083004,6.324110671936759,0.26951778656126485,0.37754940711462454,0.3389881422924901,0.2015810276679842,0.044466403162055336,0.003952569169960474,0.010869565217391304,0.7165375494071147,0.97,1.07
Nick Kurtz,31.635969664138678,15.384615384615385,0.24452979414951245,0.5116088840736729,0.38911267605633804,0.12026002166847237,0.044420368364030335,0.0032502708559046588,0.06175514626218852,0.9007215601300109,0.97,1.07
Nick Loftin,16.286644951140065,8.957654723127035,0.22922475570032574,0.3444918566775244,0.30852768729641694,0.11726384364820847,0.05863192182410423,0.006514657980456026,0.019543973941368076,0.6530195439739414,0.97,1.07
Nick Madrigal,4.761904761904762,11.11111111111111,0.238,0.291,0.365,0.20634920634920634,0.031746031746031744,0.0,0.0,0.6559999999999999,0.97,1.07
Nick Martini,16.216216216216218,8.108108108108109,0.215,0.292,0.288,0.16216216216216217,0.036036036036036036,0.0,0.009009009009009009,0.58,0.97,1.07
Nick Maton,30.158730158730158,14.285714285714285,0.13300000000000003,0.25,0.286,0.07936507936507936,0.031746031746031744,0.0,0.031746031746031744,0.536,0.97,1.07
Nick Morabito,34.78260869565217,6.521739130434782,0.255,0.308,0.283,0.13043478260869565,0.043478260869565216,0.0,0.0,0.591,0.97,1.07
Nick Sogard,21.093749999999996,9.114583333333334,0.24882758620689654,0.3583448275862069,0.33364062499999997,0.15104166666666666,0.059895833333333336,0.0026041666666666665,0.013020833333333334,0.6919854525862068,0.97,1.07
Nick Yorke,21.693121693121693,6.349206349206349,0.23461904761904764,0.3273809523809524,0.27638095238095234,0.15343915343915343,0.037037037037037035,0.0,0.010582010582010581,0.6037619047619047,0.97,1.07
Nicky Lopez,16.417910447761194,4.477611940298507,0.24028378378378376,0.2886351351351351,0.32,0.208955223880597,0.018656716417910446,0.0037313432835820895,0.0037313432835820895,0.6086351351351351,0.97,1.07
Nico Hoerner,7.962016070124179,5.989773557341125,0.29508532934131737,0.3832866766467066,0.3329415631848064,0.20160701241782322,0.04309715120525932,0.003652300949598247,0.01168736303871439,0.716228239831513,0.97,1.07
Noelvi Marte,24.601769911504423,4.778761061946903,0.22636898395721924,0.37715508021390376,0.27409734513274336,0.13982300884955753,0.04247787610619469,0.0035398230088495575,0.035398230088495575,0.6512524253466472,0.97,1.07
Nolan Arenado,16.375968992248062,7.751937984496124,0.23633720930232557,0.36542248062015503,0.31325581395348834,0.13953488372093023,0.040697674418604654,0.001937984496124031,0.040697674418604654,0.6786782945736434,0.97,1.07
Nolan Gorman,33.0,11.428571428571429,0.19599999999999998,0.3732285714285714,0.28706000000000004,0.11,0.02857142857142857,0.0014285714285714286,0.032857142857142856,0.6602885714285714,0.97,1.07
Nolan Jones,28.03970223325062,9.67741935483871,0.224,0.373,0.296,0.13399503722084366,0.034739454094292806,0.004962779156327543,0.01240694789081886,0.669,0.97,1.07
Nolan Schanuel,12.772277227722773,10.0,0.2725980198019802,0.38844158415841584,0.3521168316831683,0.1702970297029703,0.04455445544554455,0.0009900990099009901,0.01881188118811881,0.7405584158415841,0.97,1.07
Oliver Dunn,26.829268292682926,4.878048780487805,0.21035849056603775,0.24537735849056605,0.205,0.0975609756097561,0.04878048780487805,0.0,0.0,0.45037735849056604,0.97,1.07
Oneil Cruz,32.50259605399793,11.526479750778813,0.2323582554517134,0.44544963655244024,0.32845690550363443,0.1256490134994808,0.033229491173416406,0.004153686396677051,0.04153686396677051,0.7739065420560747,0.97,1.07
Orlando Arcia,20.833333333333332,4.545454545454546,0.210030303030303,0.2915151515151515,0.2497424242424242,0.1553030303030303,0.0303030303030303,0.0037878787878787876,0.015151515151515152,0.5412575757575757,0.97,1.07
Oscar González,21.311475409836063,3.278688524590164,0.26599999999999996,0.398,0.246,0.19672131147540983,0.01639344262295082,0.0,0.0,0.644,0.97,1.07
Osleivis Basabe,20.27972027972028,6.293706293706294,0.229,0.343,0.268,0.1258741258741259,0.02097902097902098,0.0,0.03496503496503497,0.611,0.97,1.07
Oswald Peraza,29.95245641838352,5.3882725832012675,0.21198098256735343,0.32108082408874805,0.25722187004754354,0.13312202852614896,0.028526148969889066,0.003169572107765452,0.01901743264659271,0.5783026941362917,0.97,1.07
Oswaldo Cabrera,20.491803278688526,9.01639344262295,0.2255138888888889,0.27316666666666667,0.322,0.1721311475409836,0.03278688524590164,0.0,0.00819672131147541,0.5951666666666666,0.97,1.07
Otto Kemp,31.363636363636367,5.454545454545454,0.22339591836734696,0.3962897959183673,0.295,0.12272727272727273,0.05,0.0,0.03636363636363636,0.6912897959183673,0.97,1.07
Otto Lopez,13.348946135831381,6.557377049180328,0.27543559718969557,0.4248829039812646,0.32859718969555035,0.18501170960187355,0.04137392661982826,0.00702576112412178,0.02029664324746292,0.7534800936768149,0.97,1.07
Owen Caissie,37.27272727272727,8.181818181818182,0.2093361344537815,0.397890756302521,0.288,0.10909090909090909,0.04242424242424243,0.0,0.04242424242424243,0.6858907563025209,0.97,1.07
Ozzie Albies,14.688427299703264,7.492581602373887,0.23239094955489611,0.3523494065281899,0.29993768545994065,0.14836795252225518,0.037091988130563795,0.002225519287833828,0.028189910979228485,0.6522870919881305,0.97,1.07
P.J. Higgins,25.0,6.25,0.276,0.326,0.276,0.15625,0.03125,0.0,0.0,0.6020000000000001,0.97,1.07
Pablo Reyes,29.411764705882355,5.88235294117647,0.197,0.276,0.242,0.14705882352941177,0.029411764705882353,0.0,0.0,0.518,0.97,1.07
Parker Meadows,26.760563380281692,8.450704225352112,0.22298809523809526,0.33532142857142855,0.2803943661971831,0.14084507042253522,0.02464788732394366,0.01056338028169014,0.014084507042253521,0.6157157947686116,0.97,1.07
Patrick Bailey,28.050314465408807,7.29559748427673,0.2238062893081761,0.36233836477987424,0.27570566037735855,0.1371069182389937,0.03270440251572327,0.005031446540880503,0.02012578616352201,0.6380440251572328,0.97,1.07
Patrick Wisdom,42.0,6.0,0.158,0.359,0.16,0.06,0.02,0.0,0.02,0.519,0.97,1.07
Paul DeJong,33.65384615384615,5.288461538461538,0.194,0.351,0.269,0.1346153846153846,0.04807692307692308,0.0,0.028846153846153848,0.62,0.97,1.07
Paul Goldschmidt,20.216216216216218,7.135135135135135,0.25435886214442016,0.4350328227571116,0.3241945945945946,0.16324324324324324,0.04756756756756757,0.002162162162162162,0.03027027027027027,0.7592274173517062,0.97,1.07
Pavin Smith,28.571428571428573,13.054187192118226,0.2161625615763547,0.3767832512315271,0.33555172413793105,0.12561576354679804,0.04926108374384237,0.0024630541871921183,0.027093596059113302,0.7123349753694581,0.97,1.07
Pedro Pagés,27.30318257956449,5.192629815745394,0.21009045226130652,0.33442546063651596,0.2695611390284757,0.1457286432160804,0.035175879396984924,0.0,0.02512562814070352,0.6039865996649917,0.97,1.07
Pedro Ramírez,18.39080459770115,7.662835249042145,0.243,0.344,0.315,0.15708812260536398,0.04597701149425287,0.007662835249042145,0.022988505747126436,0.659,0.97,1.07
Pete Alonso,23.491838183108587,10.078069552874378,0.2794648687012065,0.5675287437899219,0.3549488999290277,0.13058907026259758,0.046132008516678494,0.0007097232079489,0.057487579843860895,0.9224776437189496,0.97,1.07
Pete Crow-Armstrong,25.26766595289079,8.065667380442541,0.2530969387755102,0.49243804664723034,0.32953890078515347,0.1206281227694504,0.04853675945753034,0.008565310492505354,0.05424696645253391,0.8219769474323838,0.97,1.07
Petey Halpin,18.32460732984293,4.712041884816754,0.24614070351758793,0.36955778894472363,0.269,0.15706806282722513,0.020942408376963352,0.005235602094240838,0.020942408376963352,0.6385577889447236,0.97,1.07
Rafael Devers,25.91776798825257,13.28928046989721,0.24121145374449338,0.4804933920704846,0.3571277533039648,0.11380323054331865,0.05066079295154185,0.0007342143906020558,0.05286343612334802,0.8376211453744493,0.97,1.07
Rafael Flores,27.67295597484277,9.433962264150944,0.0,0.0,0.34,0.13836477987421383,0.03773584905660377,0.0,0.06918238993710692,0.34,0.97,1.07
Rafael Marchán,15.023474178403756,5.633802816901408,0.19649765258215962,0.26980751173708917,0.21732863849765258,0.107981220657277,0.018779342723004695,0.0,0.018779342723004695,0.48713615023474177,0.97,1.07
Ramón Laureano,26.512968299711815,7.92507204610951,0.2557521613832853,0.4856455331412104,0.3253775216138329,0.13544668587896252,0.04610951008645533,0.005763688760806916,0.0446685878962536,0.8110230547550432,0.97,1.07
Ramón Urías,21.58859470468432,7.331975560081466,0.22126069246435848,0.3778146639511202,0.2854826883910387,0.12830957230142567,0.04073319755600815,0.0,0.03054989816700611,0.6632973523421588,0.97,1.07
Randal Grichuk,21.403508771929825,4.912280701754386,0.2672614035087719,0.46380350877192983,0.29292456140350875,0.11929824561403508,0.07543859649122807,0.005263157894736842,0.04035087719298246,0.7567280701754386,0.97,1.07
Randy Arozarena,24.737945492662472,9.503843466107616,0.24201527272727275,0.41796872727272716,0.3543396226415095,0.13417190775681342,0.04612159329140461,0.0020964360587002098,0.03773584905660377,0.7723083499142367,0.97,1.07
Ray Delgado,17.073170731707318,7.317073170731708,0.0,0.0,0.3,0.17073170731707318,0.024390243902439025,0.0,0.024390243902439025,0.3,0.97,1.07
Rece Hinds,46.08695652173913,5.217391304347826,0.1489217391304348,0.25855652173913046,0.18230434782608695,0.05217391304347826,0.05217391304347826,0.0,0.017391304347826087,0.4408608695652174,0.97,1.07
Reese McGuire,20.689655172413797,3.4482758620689653,0.20450574712643677,0.33327586206896553,0.2504712643678161,0.13793103448275862,0.011494252873563218,0.0,0.05172413793103448,0.5837471264367816,0.97,1.07
Rhys Hoskins,29.612403100775193,13.178294573643411,0.19739224806201547,0.36884961240310077,0.3192217054263566,0.09612403100775194,0.03875968992248062,0.0015503875968992248,0.03875968992248062,0.6880713178294573,0.97,1.07
Richie Palacios,17.381489841986458,11.512415349887133,0.2522595936794582,0.34716027088036117,0.33982618510158014,0.1489841986455982,0.03611738148984198,0.004514672686230248,0.024830699774266364,0.6869864559819413,0.97,1.07
Rikuu Nishida,16.666666666666664,0.0,0.258,0.306,0.241,0.23333333333333334,0.0,0.0,0.0,0.5469999999999999,0.97,1.07
Riley Adams,38.46153846153847,6.293706293706294,0.208,0.35,0.252,0.11538461538461539,0.027972027972027972,0.0,0.027972027972027972,0.602,0.97,1.07
Riley Greene,28.482003129890458,9.311424100156495,0.24877232502011262,0.49573049074818987,0.3385258215962441,0.14006259780907668,0.05086071987480438,0.002347417840375587,0.04538341158059468,0.834256312344434,0.97,1.07
Rob Refsnyder,27.03488372093023,9.593023255813954,0.21513905325443786,0.4031863905325444,0.29724999999999996,0.11337209302325581,0.0377906976744186,0.0,0.0377906976744186,0.7004363905325444,0.97,1.07
Robert Hassell III,30.097087378640776,3.8834951456310676,0.22600000000000003,0.369,0.257,0.1553398058252427,0.043689320388349516,0.0,0.014563106796116505,0.626,0.97,1.07
Rodolfo Durán,26.373626373626372,7.6923076923076925,0.18,0.323,0.22200000000000003,0.054945054945054944,0.04395604395604396,0.0,0.03296703296703297,0.545,0.97,1.07
Roman Anthony,27.255985267034994,12.707182320441989,0.25976795580110495,0.4592486187845304,0.3721325966850829,0.14917127071823205,0.053406998158379376,0.007366482504604052,0.02394106813996317,0.8313812154696133,0.97,1.07
Romy Gonzalez,24.822695035460992,5.4373522458628845,0.2680652173913044,0.4544323671497585,0.3244018912529551,0.16312056737588654,0.061465721040189124,0.009456264775413711,0.02364066193853428,0.7788342584027136,0.97,1.07
Ronald Acuña Jr.,23.26901248581158,14.074914869466514,0.2619353007945517,0.5137060158910329,0.37867082860385926,0.14642451759364358,0.0340522133938706,0.0022701475595913734,0.046538024971623154,0.8923768444948922,0.97,1.07
Ronny Mauricio,30.165289256198346,6.6115702479338845,0.21368595041322316,0.37079338842975207,0.27646280991735533,0.13636363636363635,0.028925619834710745,0.0,0.0371900826446281,0.6472561983471075,0.97,1.07
Ronny Simon,16.88311688311688,7.792207792207792,0.24985714285714283,0.3615714285714286,0.3028571428571429,0.17532467532467533,0.03896103896103896,0.0,0.006493506493506494,0.6644285714285715,0.97,1.07
Rowdy Tellez,26.602564102564102,5.448717948717949,0.23757585139318887,0.49088544891640873,0.276,0.12179487179487179,0.035256410256410256,0.0,0.05448717948717949,0.7668854489164088,0.97,1.07
Royce Lewis,23.01762114537445,6.938325991189427,0.23777533039647575,0.39443832599118944,0.2841123348017621,0.1343612334801762,0.046255506607929514,0.0011013215859030838,0.02973568281938326,0.6785506607929516,0.97,1.07
Ryan Bliss,28.205128205128204,10.256410256410255,0.20459183673469386,0.3714081632653062,0.282,0.1282051282051282,0.02564102564102564,0.0,0.02564102564102564,0.6534081632653062,0.97,1.07
Ryan Fitzgerald,15.09433962264151,13.20754716981132,0.224,0.464,0.302,0.09433962264150944,0.0,0.0,0.07547169811320754,0.766,0.97,1.07
Ryan Jeffers,18.93848009650181,11.459589867310012,0.24255971049457176,0.4114475271411339,0.3529179734620024,0.14234016887816647,0.05307599517490953,0.0024125452352231603,0.027744270205066344,0.7643655006031362,0.97,1.07
Ryan Kreidler,25.723472668810288,8.038585209003216,0.2154823151125402,0.364032154340836,0.27241800643086816,0.1189710610932476,0.028938906752411574,0.00964630225080386,0.02572347266881029,0.6364501607717041,0.97,1.07
Ryan McMahon,30.905306971904267,10.301768990634756,0.22318604651162793,0.4045391120507399,0.30026326742976067,0.11758584807492195,0.03850156087408949,0.001040582726326743,0.03329864724245577,0.7048023794805005,0.97,1.07
Ryan Mountcastle,27.45098039215686,4.201680672268908,0.2540483870967742,0.4247741935483871,0.286,0.16246498599439776,0.05042016806722689,0.0,0.0196078431372549,0.7107741935483871,0.97,1.07
Ryan Noda,42.3728813559322,18.64406779661017,0.131,0.247,0.276,0.06779661016949153,0.0,0.0,0.01694915254237288,0.523,0.97,1.07
Ryan O\'Hearn,20.638085742771686,9.371884346959122,0.0,0.0,0.35126021934197404,0.16849451645064806,0.03788634097706879,0.0009970089730807576,0.03489531405782652,0.35126021934197404,0.97,1.07
Ryan Ritter,29.468599033816425,4.830917874396135,0.20851315789473682,0.2727763157894737,0.296,0.15458937198067632,0.043478260869565216,0.014492753623188406,0.004830917874396135,0.5687763157894736,0.97,1.07
Ryan Vilade,23.55072463768116,9.420289855072465,0.2507835051546392,0.41936082474226805,0.324,0.14130434782608695,0.028985507246376812,0.007246376811594203,0.03985507246376811,0.7433608247422681,0.97,1.07
Ryan Waldschmidt,29.929577464788732,7.746478873239437,0.23600000000000002,0.356,0.325,0.15492957746478872,0.0528169014084507,0.007042253521126761,0.01056338028169014,0.681,0.97,1.07
Ryan Ward,28.333333333333332,8.333333333333332,0.239,0.424,0.283,0.08333333333333333,0.06666666666666667,0.0,0.05,0.707,0.97,1.07
Sal Frelick,12.190287413280476,7.928642220019822,0.2487476923076923,0.3323569230769231,0.32600792864222,0.17542120911793854,0.03865213082259663,0.002973240832507433,0.015857284440039643,0.6583648517191432,0.97,1.07
Sal Stewart,22.529644268774703,8.82740447957839,0.2596923076923077,0.47953846153846164,0.33075494071146244,0.1541501976284585,0.034255599472990776,0.0,0.048748353096179184,0.8102934022499241,0.97,1.07
Salvador Perez,19.288537549407113,4.189723320158103,0.2591343873517787,0.48615177865612647,0.2785739130434782,0.12806324110671938,0.0466403162055336,0.0007905138339920949,0.04031620553359684,0.7647256916996047,0.97,1.07
Sam Antonacci,14.828209764918626,7.775768535262206,0.282,0.397,0.367,0.1717902350813743,0.0433996383363472,0.007233273056057866,0.014466546112115732,0.764,0.97,1.07
Sam Haggerty,23.14410480349345,7.860262008733625,0.22991266375545852,0.3248515283842795,0.3043973799126638,0.15283842794759822,0.034934497816593885,0.013100436681222707,0.008733624454148471,0.6292489082969432,0.97,1.07
Sam Hilliard,37.704918032786885,16.39344262295082,0.166,0.372,0.32799999999999996,0.06557377049180328,0.04918032786885246,0.01639344262295082,0.03278688524590164,0.7,0.97,1.07
Sam Huff,47.82608695652174,5.434782608695652,0.1557391304347826,0.2609130434782609,0.21760869565217392,0.10869565217391304,0.03260869565217391,0.0,0.021739130434782608,0.47852173913043483,0.97,1.07
Samad Taylor,25.581395348837216,10.465116279069768,0.2535193370165746,0.32537569060773486,0.39100000000000007,0.22674418604651161,0.023255813953488372,0.011627906976744186,0.011627906976744186,0.716375690607735,0.97,1.07
Samuel Basallo,26.30560928433269,7.350096711798839,0.22920696324951645,0.4243926499032882,0.2768491295938105,0.11411992263056092,0.030947775628626693,0.0019342359767891683,0.0425531914893617,0.7012417794970986,0.97,1.07
Sandy León,40.909090909090914,0.0,0.12535714285714286,0.19828571428571426,0.09099999999999998,0.09090909090909091,0.0,0.0,0.0,0.28928571428571426,0.97,1.07
Santiago Espinal,11.855670103092784,5.670103092783505,0.237659793814433,0.3004536082474227,0.2895257731958763,0.18556701030927836,0.03865979381443299,0.0,0.002577319587628866,0.589979381443299,0.97,1.07
Sean Bouchard,36.986301369863014,9.58904109589041,0.179,0.232,0.247,0.1232876712328767,0.0,0.0136986301369863,0.0136986301369863,0.479,0.97,1.07
Sean Keys,32.30769230769231,4.615384615384616,0.219,0.362,0.25,0.12307692307692308,0.03076923076923077,0.0,0.03076923076923077,0.612,0.97,1.07
Sean Murphy,31.05726872246696,10.13215859030837,0.2007422907488987,0.3878986784140969,0.28659911894273127,0.0881057268722467,0.037444933920704845,0.0,0.04185022026431718,0.6744977973568282,0.97,1.07
Sebastián Rivero,23.076923076923077,4.395604395604395,0.22586666666666666,0.2941777777777778,0.2561098901098901,0.16483516483516483,0.04395604395604396,0.0,0.0,0.5502876678876679,0.97,1.07
Seiya Suzuki,24.98101746393318,11.617312072892938,0.2465066147859922,0.4609431906614786,0.3441442672741078,0.12452543659832954,0.04935459377372817,0.0030372057706909645,0.0463173880030372,0.8050874579355864,0.97,1.07
Seth Brown,30.263157894736842,11.842105263157894,0.193,0.344,0.303,0.11842105263157894,0.02631578947368421,0.0,0.013157894736842105,0.647,0.97,1.07
Shay Whitcomb,29.605263157894736,2.6315789473684212,0.20326315789473684,0.35510526315789476,0.20710526315789474,0.125,0.019736842105263157,0.0,0.03289473684210526,0.5622105263157895,0.97,1.07
Shea Langeliers,21.479229989868287,7.2948328267477205,0.2590588235294118,0.4776470588235294,0.32499999999999996,0.13779128672745694,0.05369807497467072,0.0,0.0547112462006079,0.8026470588235294,0.97,1.07
Shohei Ohtani,25.38569424964937,14.446002805049089,0.2794992548435171,0.6045476900149032,0.3860995792426367,0.12061711079943899,0.037868162692847124,0.009817671809256662,0.06521739130434782,0.9906472692575399,0.97,1.07
Spencer Horwitz,16.8997668997669,11.305361305361306,0.2390174825174825,0.3757412587412587,0.34883216783216786,0.15268065268065267,0.046620046620046623,0.0011655011655011655,0.024475524475524476,0.7245734265734265,0.97,1.07
Spencer Jones,36.332179930795846,8.650519031141869,0.238,0.455,0.313,0.13494809688581316,0.04498269896193772,0.0034602076124567475,0.03806228373702422,0.768,0.97,1.07
Spencer Steer,22.580645161290324,8.94901144640999,0.229890756302521,0.3977058823529412,0.3159979188345473,0.13631633714880334,0.036420395421436005,0.002081165452653486,0.03850156087408949,0.7137038011874886,0.97,1.07
Spencer Torkelson,28.780864197530864,11.265432098765432,0.21873232724384434,0.42547577442414614,0.3305293209876543,0.11188271604938271,0.044753086419753084,0.0015432098765432098,0.04398148148148148,0.7560050954118005,0.97,1.07
Starling Marte,21.93158953722334,6.237424547283702,0.2386056338028169,0.3818732394366197,0.32249295774647885,0.17303822937625754,0.03822937625754527,0.0,0.022132796780684104,0.7043661971830986,0.97,1.07
Sterlin Thompson,27.272727272727273,6.493506493506493,0.219,0.357,0.312,0.12987012987012986,0.05194805194805195,0.0,0.025974025974025976,0.669,0.97,1.07
Steven Kwan,9.090909090909092,10.432190760059612,0.2753947368421053,0.3549842105263158,0.3536318926974665,0.18926974664679583,0.038748137108792845,0.002980625931445603,0.010432190760059613,0.7086161032237823,0.97,1.07
Stuart Fairchild,27.27272727272727,7.2727272727272725,0.15942682926829269,0.28715853658536583,0.273,0.10909090909090909,0.07272727272727272,0.01818181818181818,0.0,0.5601585365853659,0.97,1.07
Sung-Mun Song,20.0,12.0,0.185,0.271,0.293,0.13333333333333333,0.02666666666666667,0.0,0.006666666666666667,0.5640000000000001,0.97,1.07
TJ Friedl,18.717683557394,10.858324715615305,0.2167680250783699,0.30307314524555906,0.3326215098241985,0.14891416752843847,0.028955532574974147,0.0031023784901758012,0.01861427094105481,0.6356946550697575,0.97,1.07
TJ Rumfield,13.629160063391446,11.410459587955627,0.261,0.386,0.39,0.18225039619651348,0.04754358161648178,0.004754358161648178,0.025356576862123614,0.776,0.97,1.07
Tanner Murray,21.21212121212121,6.0606060606060606,0.191,0.39,0.281,0.15151515151515152,0.0,0.0,0.030303030303030304,0.671,0.97,1.07
Taylor Trammell,31.19047619047619,10.714285714285714,0.18767857142857144,0.34567857142857145,0.2885357142857143,0.1,0.04047619047619048,0.004761904761904762,0.02619047619047619,0.6342142857142857,0.97,1.07
Taylor Walls,23.333333333333332,9.466666666666667,0.1984533333333333,0.28128800000000004,0.2967426666666667,0.13733333333333334,0.042666666666666665,0.004,0.008,0.5780306666666668,0.97,1.07
Taylor Ward,24.015748031496063,13.700787401574804,0.23577952755905515,0.40698425196850396,0.3370740157480315,0.115748031496063,0.04015748031496063,0.002362204724409449,0.03385826771653543,0.7440582677165355,0.97,1.07
Teoscar Hernández,26.126126126126128,6.576576576576577,0.2533036750483559,0.447504835589942,0.3085423423423423,0.14864864864864866,0.043243243243243246,0.002702702702702703,0.04144144144144144,0.7560471779322843,0.97,1.07
Thairo Estrada,15.757575757575754,3.6363636363636362,0.233,0.322,0.285,0.16363636363636364,0.05454545454545454,0.0,0.01818181818181818,0.607,0.97,1.07
Thomas Saggese,28.02547770700637,6.1571125265392785,0.23850530785562632,0.36930997876857746,0.29750530785562634,0.16772823779193205,0.04670912951167728,0.0021231422505307855,0.012738853503184714,0.6668152866242039,0.97,1.07
Tim Anderson,32.22222222222222,3.3333333333333335,0.183,0.24300000000000002,0.258,0.15555555555555556,0.03333333333333333,0.0,0.0,0.501,0.97,1.07
Tim Elko,41.66666666666667,6.944444444444445,0.162,0.335,0.194,0.05555555555555555,0.013888888888888888,0.0,0.05555555555555555,0.529,0.97,1.07
Tim Tawa,25.874125874125873,8.216783216783217,0.23147902097902098,0.4001520979020979,0.2879527972027972,0.12937062937062938,0.03671328671328671,0.001748251748251748,0.03146853146853147,0.6881048951048951,0.97,1.07
Tomás Nido,27.027027027027028,0.0,0.272,0.339,0.361,0.32432432432432434,0.0,0.0,0.0,0.7,0.97,1.07
Tommy Edman,18.93644617380026,5.577172503242542,0.2577428977272727,0.37987926136363637,0.2934785992217899,0.14137483787289234,0.03501945525291829,0.0038910505836575876,0.029831387808041506,0.6733578605854262,0.97,1.07
Tommy Pham,21.875,11.458333333333336,0.24432083333333335,0.39302916666666665,0.32535000000000003,0.14583333333333334,0.035416666666666666,0.0020833333333333333,0.022916666666666665,0.7183791666666667,0.97,1.07
Tommy Troy,23.776223776223777,9.090909090909092,0.229,0.393,0.289,0.13986013986013987,0.02097902097902098,0.006993006993006993,0.027972027972027972,0.6819999999999999,0.97,1.07
Tommy White,17.616580310880828,2.5906735751295336,0.264,0.385,0.275,0.20725388601036268,0.025906735751295335,0.0,0.015544041450777202,0.66,0.97,1.07
Travis Bazzana,20.857699805068226,10.916179337231968,0.226,0.35,0.337,0.1364522417153996,0.042884990253411304,0.005847953216374269,0.029239766081871343,0.687,0.97,1.07
Travis Jankowski,24.0,6.0,0.236,0.267,0.286,0.18,0.04,0.0,0.0,0.5529999999999999,0.97,1.07
Travis d\'Arnaud,31.11111111111111,6.031746031746032,0.0,0.0,0.2504666666666666,0.09841269841269841,0.050793650793650794,0.0,0.022222222222222223,0.2504666666666666,0.97,1.07
Trea Turner,19.068736141906875,6.873614190687362,0.2548913043478261,0.384992503748126,0.3242069475240207,0.1736881005173688,0.04434589800443459,0.005912786400591279,0.025129342202512936,0.7091994512721467,0.97,1.07
Trent Grisham,21.513217866909756,13.309024612579764,0.24663661971830986,0.4666422535211268,0.32644029170464905,0.11212397447584321,0.027347310847766638,0.0027347310847766638,0.04740200546946217,0.7930825452257759,0.97,1.07
Trenton Brooks,30.232558139534877,4.651162790697675,0.214,0.338,0.186,0.06976744186046512,0.046511627906976744,0.0,0.023255813953488372,0.524,0.97,1.07
Trevor Larnach,20.1,9.8,0.254464,0.399103,0.335557,0.15,0.047,0.002,0.03,0.73466,0.97,1.07
Trevor Story,28.602150537634408,4.731182795698925,0.23810141766630316,0.3914591057797165,0.2979709677419355,0.16236559139784945,0.046236559139784944,0.0,0.03333333333333333,0.689430073521652,0.97,1.07
Trey Sweeney,28.220858895705515,7.975460122699387,0.19,0.294,0.258,0.13496932515337423,0.018404907975460124,0.006134969325153374,0.018404907975460124,0.552,0.97,1.07
Tristan Gray,28.83211678832117,5.839416058394161,0.23024087591240874,0.3693941605839416,0.2717080291970803,0.145985401459854,0.0364963503649635,0.0,0.025547445255474453,0.6411021897810218,0.97,1.07
Tristan Peters,18.367346938775512,7.551020408163265,0.24663346613545817,0.3802191235059761,0.337,0.14081632653061224,0.06326530612244897,0.00816326530612245,0.024489795918367346,0.7172191235059762,0.97,1.07
Triston Casas,24.107142857142858,9.821428571428571,0.212,0.409,0.277,0.10714285714285714,0.026785714285714284,0.0,0.026785714285714284,0.6859999999999999,0.97,1.07
Troy Johnston,18.90459363957597,7.950530035335689,0.27471731448763254,0.39353003533568903,0.34672438162544167,0.17137809187279152,0.06007067137809187,0.0035335689045936395,0.014134275618374558,0.7402544169611307,0.97,1.07
Tsung-Che Cheng,31.818181818181817,9.090909090909092,0.22794117647058823,0.36852941176470594,0.318,0.20454545454545456,0.022727272727272728,0.0,0.0,0.6865294117647059,0.97,1.07
Turner Hill,16.39344262295082,10.655737704918032,0.249,0.371,0.311,0.12295081967213115,0.05737704918032787,0.0,0.00819672131147541,0.6819999999999999,0.97,1.07
Ty France,19.41354903943377,5.864509605662285,0.2544771573604061,0.424497461928934,0.34002022244691604,0.16582406471183014,0.04954499494438827,0.0020222446916076846,0.028311425682507583,0.7645176843758501,0.97,1.07
Tyler Callihan,35.51401869158878,8.411214953271028,0.18590265486725663,0.2932389380530973,0.283,0.102803738317757,0.037383177570093455,0.018691588785046728,0.028037383177570093,0.5762389380530972,0.97,1.07
Tyler Fitzgerald,28.80658436213992,6.995884773662551,0.192,0.281,0.278,0.13168724279835392,0.0411522633744856,0.00411522633744856,0.01646090534979424,0.559,0.97,1.07
Tyler Freeman,11.871508379888269,6.284916201117318,0.27277094972067045,0.3613687150837989,0.33911731843575416,0.18854748603351956,0.036312849162011177,0.004189944134078212,0.006983240223463687,0.7004860335195531,0.97,1.07
Tyler Heineman,16.445623342175065,4.5092838196286475,0.2144652406417112,0.27481818181818185,0.284973474801061,0.15119363395225463,0.029177718832891247,0.005305039787798408,0.010610079575596816,0.5597916566192429,0.97,1.07
Tyler Locklear,32.91139240506329,8.860759493670885,0.1932658227848101,0.32421518987341774,0.2909240506329114,0.13291139240506328,0.0189873417721519,0.0,0.02531645569620253,0.6151392405063292,0.97,1.07
Tyler O\'Neill,26.226012793176974,10.447761194029852,0.0,0.0,0.29643496801705754,0.10874200426439233,0.029850746268656716,0.0021321961620469083,0.04051172707889126,0.29643496801705754,0.97,1.07
Tyler Soderstrom,21.541318477251625,10.027855153203342,0.2546908077994429,0.4376518105849582,0.3426350974930362,0.1327762302692665,0.056638811513463325,0.003714020427112349,0.04085422469823584,0.7802869080779944,0.97,1.07
Tyler Stephenson,30.317848410757946,10.513447432762836,0.22697777777777775,0.42051111111111106,0.31786552567237164,0.12224938875305623,0.05012224938875306,0.0,0.034229828850855744,0.7383766367834828,0.97,1.07
Tyler Tolbert,19.90049751243781,6.467661691542287,0.24997014925373134,0.3222238805970149,0.3467910447761194,0.19900497512437812,0.03482587064676617,0.0,0.01990049751243781,0.6690149253731343,0.97,1.07
Tyler Wade,24.409448818897637,11.811023622047244,0.185,0.226,0.309,0.14960629921259844,0.007874015748031496,0.015748031496062992,0.0,0.535,0.97,1.07
Tyrone Taylor,20.069204152249135,5.190311418685121,0.2520795847750865,0.38614186851211074,0.2966314878892734,0.13494809688581316,0.058823529411764705,0.005190311418685122,0.02249134948096886,0.6827733564013841,0.97,1.07
Vaughn Grissom,18.29787234042553,6.595744680851064,0.245,0.381,0.31,0.1425531914893617,0.04680851063829787,0.0,0.027659574468085105,0.6910000000000001,0.97,1.07
Victor Bericoto,27.43362831858407,2.6548672566371683,0.231,0.452,0.257,0.1415929203539823,0.04424778761061947,0.0,0.04424778761061947,0.7090000000000001,0.97,1.07
Victor Caratini,18.880208333333332,7.421875,0.23958072916666664,0.3906796875,0.31803125,0.15364583333333334,0.03125,0.0,0.024739583333333332,0.7087109375,0.97,1.07
Víctor Mesa Jr.,18.91891891891892,9.45945945945946,0.24868918918918917,0.44117567567567567,0.3240202702702703,0.12837837837837837,0.033783783783783786,0.010135135135135136,0.05067567567567568,0.765195945945946,0.97,1.07
Víctor Robles,18.456375838926174,6.375838926174497,0.22282889733840303,0.3084296577946768,0.30200000000000005,0.16778523489932887,0.030201342281879196,0.010067114093959731,0.003355704697986577,0.6104296577946768,0.97,1.07
Victor Scott II,23.86018237082067,8.814589665653495,0.22411094224924014,0.30796200607902735,0.2946276595744681,0.13829787234042554,0.028875379939209727,0.001519756838905775,0.010638297872340425,0.6025896656534955,0.97,1.07
Vidal Bruján,22.105263157894736,6.315789473684211,0.2167777777777778,0.3092870370370371,0.305,0.17894736842105263,0.05263157894736842,0.0,0.0,0.614287037037037,0.97,1.07
Vinnie Pasquantino,15.703192407247627,8.628127696289905,0.25653062985332187,0.448595340811044,0.3262924935289042,0.14150129421915444,0.0457290767903365,0.0025884383088869713,0.04055220017256255,0.7748878343399482,0.97,1.07
Vinny Capra,23.809523809523807,2.857142857142857,0.178,0.256,0.157,0.08571428571428572,0.01904761904761905,0.0,0.009523809523809525,0.41300000000000003,0.97,1.07
Vladimir Guerrero Jr.,13.20754716981132,10.957910014513788,0.2905508145849496,0.4559193173002328,0.366599419448476,0.17271407837445574,0.04644412191582003,0.0,0.02902757619738752,0.8225187367487088,0.97,1.07
Wade Meckler,18.507462686567163,9.55223880597015,0.263,0.36,0.375,0.21194029850746268,0.04477611940298507,0.0029850746268656717,0.008955223880597015,0.735,0.97,1.07
Walker Jenkins,21.34831460674157,7.865168539325842,0.238,0.396,0.284,0.12359550561797752,0.02247191011235955,0.0,0.0449438202247191,0.6799999999999999,0.97,1.07
Warming Bernabel,17.123287671232877,4.794520547945205,0.249,0.339,0.288,0.1506849315068493,0.0547945205479452,0.00684931506849315,0.0273972602739726,0.627,0.97,1.07
Wenceel Pérez,21.280276816609,7.7854671280276815,0.2297688172043011,0.3788870967741936,0.28295328719723184,0.11764705882352941,0.03806228373702422,0.00865051903114187,0.03460207612456748,0.6618403839714254,0.97,1.07
Weston Wilson,29.93421052631579,9.868421052631579,0.21508223684210523,0.33926644736842104,0.28729934210526314,0.12171052631578948,0.029605263157894735,0.0,0.029605263157894735,0.6265657894736842,0.97,1.07
Will Benson,28.726287262872628,8.94308943089431,0.2358773841961853,0.4522016348773842,0.2858130081300813,0.1111111111111111,0.02981029810298103,0.008130081300813009,0.04065040650406504,0.7380146430074654,0.97,1.07
Will Robertson,36.0,2.666666666666667,0.145,0.21800000000000003,0.173,0.10666666666666667,0.013333333333333334,0.0,0.0,0.391,0.97,1.07
Will Smith,19.53727506426735,13.367609254498715,0.27287640449438205,0.4983258426966292,0.38274550128534707,0.15809768637532134,0.03984575835475578,0.0012853470437017994,0.037275064267352186,0.8810713439819763,0.97,1.07
Will Wagner,18.04123711340206,13.917525773195877,0.2620567010309278,0.3265463917525773,0.34673195876288665,0.15463917525773196,0.041237113402061855,0.0,0.0,0.673278350515464,0.97,1.07
Will Wilson,37.362637362637365,7.6923076923076925,0.15758762886597938,0.2741649484536082,0.267,0.12087912087912088,0.04395604395604396,0.0,0.0,0.5411649484536083,0.97,1.07
Willi Castro,25.778732545649838,8.70032223415682,0.23502470461868957,0.37927175080558534,0.3222223415682063,0.14500537056928034,0.0397422126745435,0.004296455424274973,0.027926960257787327,0.7014940923737916,0.97,1.07
William Contreras,16.54191616766467,11.077844311377245,0.2544049268668206,0.41664896073903007,0.34673053892215566,0.1601796407185629,0.041916167664670656,0.0007485029940119761,0.027694610778443114,0.7633794996611858,0.97,1.07
Willie MacIver,24.324324324324323,6.306306306306307,0.20000000000000004,0.308,0.252,0.0990990990990991,0.04504504504504504,0.0,0.02702702702702703,0.56,0.97,1.07
Willson Contreras,25.182481751824817,9.397810218978103,0.25651368613138686,0.48702737226277365,0.36491149635036496,0.1332116788321168,0.04744525547445255,0.0036496350364963502,0.04288321167883212,0.8519388686131386,0.97,1.07
Willy Adames,26.700251889168765,9.823677581863977,0.223151973131822,0.416343408900084,0.30570361041141897,0.11670864819479429,0.03946263643996641,0.0025188916876574307,0.042821158690176324,0.722047019311503,0.97,1.07
Wilmer Flores,19.00647948164147,7.343412526997841,0.225,0.335,0.307,0.16198704103671707,0.02159827213822894,0.0,0.03455723542116631,0.642,0.97,1.07
Wilyer Abreu,22.202001819836216,10.009099181073703,0.24918829981718466,0.4719058500914077,0.3226242038216561,0.12283894449499545,0.05004549590536852,0.003639672429481347,0.04185623293903549,0.7945300539130637,0.97,1.07
Wyatt Langford,24.807692307692307,12.403846153846153,0.23540769230769232,0.4210576923076923,0.33950961538461544,0.12307692307692308,0.04326923076923077,0.0028846153846153848,0.0375,0.7605673076923077,0.97,1.07
Xander Bogaerts,17.60683760683761,10.683760683760683,0.25705699481865285,0.39363730569948185,0.3305538461538462,0.152991452991453,0.04188034188034188,0.0008547008547008547,0.020512820512820513,0.724191151853328,0.97,1.07
Xavier Edwards,14.085667215815485,9.637561779242175,0.26003953871499175,0.3437627677100494,0.351331960461285,0.20345963756177923,0.030477759472817133,0.009060955518945634,0.007413509060955519,0.6950947281713344,0.97,1.07
Yainer Diaz,16.359696641386783,3.466955579631636,0.2695427952329361,0.44610075839653307,0.29479956663055257,0.1722643553629469,0.04333694474539545,0.0021668472372697724,0.03683640303358613,0.7409003250270856,0.97,1.07
Yandy Díaz,14.210919970082275,8.451757666417352,0.283434554973822,0.4492251308900524,0.36240837696335076,0.18773373223635004,0.04113687359760658,0.0014958863126402393,0.035153328347045626,0.8116335078534032,0.97,1.07
Yanquiel Fernández,29.931972789115648,5.442176870748299,0.19,0.309,0.265,0.14965986394557823,0.034013605442176874,0.0,0.027210884353741496,0.5740000000000001,0.97,1.07
Yoán Moncada,28.639618138424822,11.694510739856804,0.20279713603818617,0.37980429594272075,0.32731264916467784,0.11217183770883055,0.03341288782816229,0.007159904534606206,0.03579952267303103,0.7071169451073986,0.97,1.07
Yohandy Morales,31.914893617021278,0.0,0.258,0.49099999999999994,0.255,0.0851063829787234,0.0851063829787234,0.0,0.0851063829787234,0.746,0.97,1.07
Yohel Pozo,13.478260869565219,3.478260869565217,0.24788695652173914,0.3451391304347826,0.2609217391304348,0.1608695652173913,0.0391304347826087,0.0,0.02608695652173913,0.6060608695652174,0.97,1.07
Yohendrick Pinango,24.444444444444443,6.111111111111111,0.262,0.398,0.306,0.17222222222222222,0.044444444444444446,0.0,0.027777777777777776,0.704,0.97,1.07
Yordan Alvarez,17.155756207674944,15.4627539503386,0.31112994350282486,0.6195378531073447,0.41740067720090296,0.1489841986455982,0.04740406320541761,0.001128668171557562,0.05417607223476298,1.0369385303082477,0.97,1.07
Yuli Gurriel,20.0,10.0,0.133,0.174,0.2,0.075,0.025,0.0,0.0,0.374,0.97,1.07
Zac Veen,38.793103448275865,7.758620689655172,0.17262931034482756,0.30004310344827584,0.27276724137931035,0.09482758620689655,0.034482758620689655,0.008620689655172414,0.034482758620689655,0.5728103448275862,0.97,1.07
Zach Cole,39.04761904761905,5.714285714285714,0.20355238095238096,0.4345333333333333,0.25734285714285715,0.09523809523809523,0.02857142857142857,0.0,0.06666666666666667,0.6918761904761905,0.97,1.07
Zach Dezenzo,35.602094240837694,9.424083769633508,0.21030208333333333,0.3689375,0.3033979057591623,0.14136125654450263,0.05235602094240838,0.0,0.015706806282722512,0.6723354057591623,0.97,1.07
Zach McKinstry,19.585492227979273,9.533678756476684,0.24023308270676694,0.33724812030075185,0.3125906735751295,0.1316062176165803,0.039378238341968914,0.015544041450777202,0.016580310880829015,0.6498387938758814,0.97,1.07
Zach Neto,28.890662410215484,8.060654429369514,0.23147486033519554,0.44813966480446926,0.3245786113328013,0.12609736632083002,0.047885075818036714,0.004788507581803671,0.04229848363926576,0.7727182761372706,0.97,1.07
Zack Gelof,28.195488721804512,7.142857142857142,0.22077443609022557,0.41485150375939855,0.30696428571428575,0.13533834586466165,0.03571428571428571,0.0037593984962406013,0.045112781954887216,0.7218157894736843,0.97,1.07
Zack Short,31.35593220338983,10.169491525423728,0.16659322033898305,0.2746949152542373,0.27576271186440676,0.1016949152542373,0.03389830508474576,0.0,0.01694915254237288,0.5504576271186441,0.97,1.07
